timestamp,reader,antenna,rssi,epc,phase_angle,channel_index,doppler_frequency
1746745260.590272,192.168.0.219:5084,1,-61,b'303435fc8803d056d15b963f',2444,8,488
1746745260.497244,192.168.0.219:5084,2,-48,b'303435fc8803d056d15b963f',244,8,156
1746745260.527888,192.168.0.219:5084,3,-64,b'303435fc8803d056d15b963f',1200,8,371
1746745260.604917,192.168.0.219:5084,1,-61,b'303435fc8803d056d15b963f',2360,8,566
1746745260.674883,192.168.0.219:5084,2,-51,b'303435fc8803d056d15b963f',3932,8,-7
1746745260.688167,192.168.0.219:5084,3,-56,b'303435fc8803d056d15b963f',684,9,117
1746745260.702711,192.168.0.219:5084,1,-59,b'303435fc8803d056d15b963f',2220,9,449
1746745260.855243,192.168.0.219:5084,2,-50,b'303435fc8803d056d15b963f',2356,9,-78
1746745260.763753,192.168.0.219:5084,3,-58,b'303435fc8803d056d15b963f',2096,9,839
1746745260.879542,192.168.0.219:5084,1,-67,b'303435fc8803d056d15b963f',1552,10,1919
1746745261.029844,192.168.0.219:5084,2,-59,b'303435fc8803d056d15b963f',3936,10,195
1746745260.937743,192.168.0.219:5084,3,-57,b'303435fc8803d056d15b963f',2704,10,332
1746745261.174813,192.168.0.219:5084,1,-64,b'303435fc8803d056d15b963f',624,11,-234
1746745261.081533,192.168.0.219:5084,2,-54,b'303435fc8803d056d15b963f',3184,11,273
1746745261.112749,192.168.0.219:5084,3,-51,b'303435fc8803d056d15b963f',2212,11,39
1746745261.143807,192.168.0.219:5084,4,-61,b'303435fc8803d056d15b963f',2252,11,-39
1746745261.188389,192.168.0.219:5084,1,-65,b'303435fc8803d056d15b963f',3800,11,-117
1746745261.218947,192.168.0.219:5084,2,-55,b'303435fc8803d056d15b963f',2592,11,-156
1746745261.287845,192.168.0.219:5084,3,-58,b'303435fc8803d056d15b963f',1088,11,69
1746745261.312224,192.168.0.219:5084,1,-53,b'303435fc8803d056d15b963f',1624,12,234
1746745261.342588,192.168.0.219:5084,2,-58,b'303435fc8803d056d15b963f',2952,12,722
1746745261.37295,192.168.0.219:5084,3,-60,b'303435fc8803d056d15b963f',1288,12,488
1746745261.402802,192.168.0.219:5084,4,-46,b'303435fc8803d056d15b963f',2352,12,117
1746745261.416752,192.168.0.219:5084,1,-63,b'303435fc8803d056d15b963f',2336,12,-39
1746745261.447227,192.168.0.219:5084,2,-60,b'303435fc8803d056d15b963f',2800,12,195
1746745261.483438,192.168.0.219:5084,3,-60,b'303435fc8803d056d15b963f',3532,13,-39
1746745261.514331,192.168.0.219:5084,4,-45,b'303435fc8803d056d15b963f',3288,13,117
1746745261.528035,192.168.0.219:5084,1,-54,b'303435fc8803d056d15b963f',1840,13,78
1746745261.558962,192.168.0.219:5084,2,-66,b'303435fc8803d056d15b963f',2516,13,-195
1746745261.589473,192.168.0.219:5084,3,-63,b'303435fc8803d056d15b963f',2452,13,-527
1746745261.62022,192.168.0.219:5084,4,-49,b'303435fc8803d056d15b963f',236,13,371
1746745261.634175,192.168.0.219:5084,1,-62,b'303435fc8803d056d15b963f',1884,13,878
1746745261.690134,192.168.0.219:5084,2,-64,b'303435fc8803d056d15b963f',3732,13,-1663
1746745261.714409,192.168.0.219:5084,3,-54,b'303435fc8803d056d15b963f',1208,14,117
1746745261.727867,192.168.0.219:5084,1,-58,b'303435fc8803d056d15b963f',240,14,156
1746745261.758799,192.168.0.219:5084,2,-63,b'303435fc8803d056d15b963f',240,14,371
1746745261.789502,192.168.0.219:5084,3,-62,b'303435fc8803d056d15b963f',2100,14,-156
1746745261.818963,192.168.0.219:5084,4,-56,b'303435fc8803d056d15b963f',3000,14,0
1746745261.833275,192.168.0.219:5084,1,-53,b'303435fc8803d056d15b963f',3776,14,-156
1746745261.864403,192.168.0.219:5084,2,-65,b'303435fc8803d056d15b963f',376,14,527
1746745261.905101,192.168.0.219:5084,3,-56,b'303435fc8803d056d15b963f',3580,15,0
1746745261.935752,192.168.0.219:5084,4,-60,b'303435fc8803d056d15b963f',228,15,683
1746745262.071009,192.168.0.219:5084,1,-54,b'303435fc8803d056d15b963f',1900,15,0
1746745262.00976,192.168.0.219:5084,3,-52,b'303435fc8803d056d15b963f',544,15,-39
1746745262.040394,192.168.0.219:5084,4,-57,b'303435fc8803d056d15b963f',2252,15,-234
1746745262.095369,192.168.0.219:5084,1,-49,b'303435fc8803d056d15b963f',3608,15,447
1746745262.124969,192.168.0.219:5084,2,-55,b'303435fc8803d056d15b963f',768,16,488
1746745262.154994,192.168.0.219:5084,3,-54,b'303435fc8803d056d15b963f',812,16,195
1746745262.297738,192.168.0.219:5084,1,-51,b'303435fc8803d056d15b963f',3048,16,-234
1746745262.200257,192.168.0.219:5084,2,-64,b'303435fc8803d056d15b963f',3708,16,-39
1746745262.230988,192.168.0.219:5084,3,-59,b'303435fc8803d056d15b963f',356,16,371
1746745262.434749,192.168.0.219:5084,1,-57,b'303435fc8803d056d15b963f',2272,17,117
1746745262.372146,192.168.0.219:5084,3,-59,b'303435fc8803d056d15b963f',300,17,-78
1746745262.404572,192.168.0.219:5084,4,-66,b'303435fc8803d056d15b963f',3174,17,2623
1746745262.448788,192.168.0.219:5084,1,-57,b'303435fc8803d056d15b963f',2252,17,-78
1746745262.518062,192.168.0.219:5084,2,-56,b'303435fc8803d056d15b963f',508,17,-14
1746745262.533907,192.168.0.219:5084,3,-64,b'303435fc8803d056d15b963f',3384,18,156
1746745262.54776,192.168.0.219:5084,1,-66,b'303435fc8803d056d15b963f',436,18,234
1746745262.578782,192.168.0.219:5084,2,-63,b'303435fc8803d056d15b963f',1632,18,683
1746745262.609143,192.168.0.219:5084,3,-62,b'303435fc8803d056d15b963f',3300,18,117
1746745262.639871,192.168.0.219:5084,4,-58,b'303435fc8803d056d15b963f',684,18,78
1746745262.804625,192.168.0.219:5084,1,-65,b'303435fc8803d056d15b963f',2936,19,-683
1746745262.730693,192.168.0.219:5084,2,-66,b'303435fc8803d056d15b963f',3056,18,-41
1746745262.74418,192.168.0.219:5084,3,-61,b'303435fc8803d056d15b963f',388,19,-39
1746745262.818766,192.168.0.219:5084,1,-66,b'303435fc8803d056d15b963f',2868,19,-234
1746745262.875064,192.168.0.219:5084,2,-69,b'303435fc8803d056d15b963f',1008,19,75
1746745262.927803,192.168.0.219:5084,3,-57,b'303435fc8803d056d15b963f',968,19,-37
1746745263.083465,192.168.0.219:5084,1,-61,b'303435fc8803d056d15b963f',856,20,-117
1746745263.039207,192.168.0.219:5084,3,-69,b'303435fc8803d056d15b963f',4084,20,-50
1746745263.05262,192.168.0.219:5084,4,-57,b'303435fc8803d056d15b963f',556,20,78
1746745263.13096,192.168.0.219:5084,1,-58,b'303435fc8803d056d15b963f',2720,20,31
1746745263.21047,192.168.0.219:5084,3,-73,b'303435fc8803d056d15b963f',956,21,-34
1746745263.223905,192.168.0.219:5084,4,-54,b'303435fc8803d056d15b963f',520,21,-78
1746745263.370062,192.168.0.219:5084,1,-58,b'303435fc8803d056d15b963f',3008,21,156
1746745263.272412,192.168.0.219:5084,2,-68,b'303435fc8803d056d15b963f',724,21,-1535
1746745263.339321,192.168.0.219:5084,4,-53,b'303435fc8803d056d15b963f',3432,22,117
1746745263.522935,192.168.0.219:5084,1,-58,b'303435fc8803d056d15b963f',3396,22,1919
1746745263.474765,192.168.0.219:5084,4,-51,b'303435fc8803d056d15b963f',1536,22,488
1746745263.664476,192.168.0.219:5084,1,-63,b'303435fc8803d056d15b963f',336,23,1484
1746745263.76561,192.168.0.219:5084,4,-55,b'303435fc8803d056d15b963f',1364,23,0
1746745263.77954,192.168.0.219:5084,1,-68,b'303435fc8803d056d15b963f',2760,24,-371
1746745263.971506,192.168.0.219:5084,3,-69,b'303435fc8803d056d15b963f',2964,25,1367
1746745264.001771,192.168.0.219:5084,4,-65,b'303435fc8803d056d15b963f',3976,24,527
1746745264.016006,192.168.0.219:5084,1,-66,b'303435fc8803d056d15b963f',2100,25,-937
1746745264.048686,192.168.0.219:5084,2,-66,b'303435fc8803d056d15b963f',502,25,-1983
1746745264.078855,192.168.0.219:5084,3,-69,b'303435fc8803d056d15b963f',1452,25,605
1746745264.145514,192.168.0.219:5084,4,-73,b'303435fc8803d056d15b963f',112,26,-83
1746745264.177216,192.168.0.219:5084,1,-62,b'303435fc8803d056d15b963f',3384,26,-195
1746745264.207799,192.168.0.219:5084,2,-66,b'303435fc8803d056d15b963f',160,26,-2050
1746745264.238695,192.168.0.219:5084,3,-65,b'303435fc8803d056d15b963f',3464,26,527
1746745264.269245,192.168.0.219:5084,4,-60,b'303435fc8803d056d15b963f',880,26,-332
1746745264.283132,192.168.0.219:5084,1,-63,b'303435fc8803d056d15b963f',428,26,-410
1746745264.3433,192.168.0.219:5084,2,-64,b'303435fc8803d056d15b963f',908,27,6
1746745264.365048,192.168.0.219:5084,3,-63,b'303435fc8803d056d15b963f',2804,27,-117
1746745264.396166,192.168.0.219:5084,4,-55,b'303435fc8803d056d15b963f',2876,27,488
1746745264.537662,192.168.0.219:5084,1,-66,b'303435fc8803d056d15b963f',2304,27,-800
1746745264.568206,192.168.0.219:5084,2,-65,b'303435fc8803d056d15b963f',584,28,-800
1746745264.500197,192.168.0.219:5084,4,-54,b'303435fc8803d056d15b963f',1668,27,410
1746745264.610126,192.168.0.219:5084,1,-67,b'303435fc8803d056d15b963f',2900,28,52
1746745264.623457,192.168.0.219:5084,2,-65,b'303435fc8803d056d15b963f',1248,28,0
1746745264.653662,192.168.0.219:5084,3,-68,b'303435fc8803d056d15b963f',1548,28,-605
1746745264.684416,192.168.0.219:5084,4,-62,b'303435fc8803d056d15b963f',2968,28,-1132
1746745264.840985,192.168.0.219:5084,1,-54,b'303435fc8803d056d15b963f',3220,28,-410
1746745264.763497,192.168.0.219:5084,2,-70,b'303435fc8803d056d15b963f',3384,29,24
1746745264.81254,192.168.0.219:5084,4,-66,b'303435fc8803d056d15b963f',2976,29,1599
1746745264.983444,192.168.0.219:5084,1,-54,b'303435fc8803d056d15b963f',3580,29,449
1746745264.885727,192.168.0.219:5084,2,-63,b'303435fc8803d056d15b963f',2468,29,371
1746745264.952943,192.168.0.219:5084,4,-61,b'303435fc8803d056d15b963f',460,30,78
1746745264.997538,192.168.0.219:5084,1,-62,b'303435fc8803d056d15b963f',4060,30,410
1746745265.028122,192.168.0.219:5084,2,-65,b'303435fc8803d056d15b963f',60,30,-488
1746745265.06211,192.168.0.219:5084,3,-68,b'303435fc8803d056d15b963f',2970,30,-831
1746745265.091267,192.168.0.219:5084,4,-63,b'303435fc8803d056d15b963f',3760,30,449
1746745265.105305,192.168.0.219:5084,1,-54,b'303435fc8803d056d15b963f',1748,30,78
1746745265.152576,192.168.0.219:5084,2,-63,b'303435fc8803d056d15b963f',3588,30,959
1746745265.240326,192.168.0.219:5084,4,-67,b'303435fc8803d056d15b963f',3012,31,-48
1746745265.264081,192.168.0.219:5084,1,-52,b'303435fc8803d056d15b963f',1560,31,-78
1746745265.294408,192.168.0.219:5084,2,-66,b'303435fc8803d056d15b963f',1488,31,761
1746745265.363511,192.168.0.219:5084,3,-65,b'303435fc8803d056d15b963f',3320,32,26
1746745265.376786,192.168.0.219:5084,4,-66,b'303435fc8803d056d15b963f',2880,32,605
1746745265.391341,192.168.0.219:5084,1,-47,b'303435fc8803d056d15b963f',3240,32,39
1746745265.421144,192.168.0.219:5084,2,-64,b'303435fc8803d056d15b963f',2684,32,1015
1746745265.471385,192.168.0.219:5084,3,-69,b'303435fc8803d056d15b963f',3620,32,20
1746745265.495497,192.168.0.219:5084,4,-56,b'303435fc8803d056d15b963f',1232,32,410
1746745265.509558,192.168.0.219:5084,1,-43,b'303435fc8803d056d15b963f',3068,32,234
1746745265.568104,192.168.0.219:5084,2,-58,b'303435fc8803d056d15b963f',1208,32,-9
1746745265.61954,192.168.0.219:5084,4,-66,b'303435fc8803d056d15b963f',3288,33,0
1746745265.765804,192.168.0.219:5084,1,-46,b'303435fc8803d056d15b963f',380,33,273
1746745265.666498,192.168.0.219:5084,2,-67,b'303435fc8803d056d15b963f',440,33,-255
1746745265.727171,192.168.0.219:5084,4,-67,b'303435fc8803d056d15b963f',588,33,195
1746745265.919511,192.168.0.219:5084,1,-55,b'303435fc8803d056d15b963f',3236,34,234
1746745265.98806,192.168.0.219:5084,3,-68,b'303435fc8803d056d15b963f',848,35,-527
1746745265.897419,192.168.0.219:5084,4,-74,b'303435fc8803d056d15b963f',76,34,-14
1746745266.001725,192.168.0.219:5084,1,-54,b'303435fc8803d056d15b963f',116,35,78
1746745266.056016,192.168.0.219:5084,2,-73,b'303435fc8803d056d15b963f',488,35,15
1746745266.075962,192.168.0.219:5084,3,-69,b'303435fc8803d056d15b963f',892,35,1132
1746745266.106704,192.168.0.219:5084,4,-67,b'303435fc8803d056d15b963f',1032,35,449
1746745266.120682,192.168.0.219:5084,1,-57,b'303435fc8803d056d15b963f',2404,35,410
1746745266.170902,192.168.0.219:5084,2,-68,b'303435fc8803d056d15b963f',3704,35,2111
1746745266.228037,192.168.0.219:5084,4,-61,b'303435fc8803d056d15b963f',1644,36,0
1746745266.242399,192.168.0.219:5084,1,-58,b'303435fc8803d056d15b963f',536,36,117
1746745266.293082,192.168.0.219:5084,2,-73,b'303435fc8803d056d15b963f',432,36,31
1746745266.317132,192.168.0.219:5084,3,-71,b'303435fc8803d056d15b963f',2296,36,-527
1746745266.348468,192.168.0.219:5084,4,-60,b'303435fc8803d056d15b963f',1572,36,-195
1746745266.492302,192.168.0.219:5084,1,-55,b'303435fc8803d056d15b963f',412,37,195
1746745266.552968,192.168.0.219:5084,2,-72,b'303435fc8803d056d15b963f',3280,37,30
1746745266.461097,192.168.0.219:5084,4,-65,b'303435fc8803d056d15b963f',2820,37,-2304
1746745266.583777,192.168.0.219:5084,1,-58,b'303435fc8803d056d15b963f',3428,38,-39
1746745266.614627,192.168.0.219:5084,2,-59,b'303435fc8803d056d15b963f',1128,38,605
1746745266.644779,192.168.0.219:5084,3,-69,b'303435fc8803d056d15b963f',2020,38,1367
1746745266.675413,192.168.0.219:5084,4,-65,b'303435fc8803d056d15b963f',3400,38,78
1746745266.689581,192.168.0.219:5084,1,-55,b'303435fc8803d056d15b963f',2656,38,234
1746745266.720383,192.168.0.219:5084,2,-60,b'303435fc8803d056d15b963f',3136,38,1855
1746745266.789482,192.168.0.219:5084,3,-62,b'303435fc8803d056d15b963f',512,38,28
1746745266.813727,192.168.0.219:5084,1,-54,b'303435fc8803d056d15b963f',3324,39,117
1746745266.844332,192.168.0.219:5084,2,-63,b'303435fc8803d056d15b963f',3016,39,0
1746745266.874835,192.168.0.219:5084,3,-65,b'303435fc8803d056d15b963f',2248,39,332
1746745266.905566,192.168.0.219:5084,4,-69,b'303435fc8803d056d15b963f',3720,39,-78
1746745267.048727,192.168.0.219:5084,1,-51,b'303435fc8803d056d15b963f',1324,39,78
1746745266.950461,192.168.0.219:5084,2,-61,b'303435fc8803d056d15b963f',2772,39,566
1746745267.017983,192.168.0.219:5084,4,-63,b'303435fc8803d056d15b963f',3908,40,449
1746745267.062491,192.168.0.219:5084,1,-56,b'303435fc8803d056d15b963f',1288,40,39
1746745267.09342,192.168.0.219:5084,2,-64,b'303435fc8803d056d15b963f',3692,40,-78
1746745267.190906,192.168.0.219:5084,4,-58,b'303435fc8803d056d15b963f',1408,40,24
1746745267.335952,192.168.0.219:5084,1,-47,b'303435fc8803d056d15b963f',556,41,-273
1746745267.368919,192.168.0.219:5084,2,-56,b'303435fc8803d056d15b963f',686,41,-127
1746745267.384338,192.168.0.219:5084,1,-56,b'303435fc8803d056d15b963f',3976,42,39
1746745267.41539,192.168.0.219:5084,2,-62,b'303435fc8803d056d15b963f',652,42,1093
1746745267.445957,192.168.0.219:5084,3,-62,b'303435fc8803d056d15b963f',524,42,1054
1746745267.476824,192.168.0.219:5084,4,-63,b'303435fc8803d056d15b963f',1824,42,195
1746745267.619798,192.168.0.219:5084,1,-54,b'303435fc8803d056d15b963f',1176,42,-78
1746745267.521785,192.168.0.219:5084,2,-63,b'303435fc8803d056d15b963f',3084,42,761
1746745267.589108,192.168.0.219:5084,4,-65,b'303435fc8803d056d15b963f',496,43,1015
1746745267.781017,192.168.0.219:5084,1,-57,b'303435fc8803d056d15b963f',2840,43,15
1746745267.664744,192.168.0.219:5084,2,-59,b'303435fc8803d056d15b963f',2636,43,-410
1746745267.725366,192.168.0.219:5084,4,-60,b'303435fc8803d056d15b963f',1588,43,156
1746745267.80241,192.168.0.219:5084,1,-62,b'303435fc8803d056d15b963f',3520,44,195
1746745267.833212,192.168.0.219:5084,2,-58,b'303435fc8803d056d15b963f',3396,44,-78
1746745267.87404,192.168.0.219:5084,3,-73,b'303435fc8803d056d15b963f',648,44,1023
1746745267.900319,192.168.0.219:5084,4,-69,b'303435fc8803d056d15b963f',1288,44,-195
1746745268.047755,192.168.0.219:5084,1,-62,b'303435fc8803d056d15b963f',2952,44,-722
1746745267.945142,192.168.0.219:5084,2,-59,b'303435fc8803d056d15b963f',224,44,-332
1746745268.017498,192.168.0.219:5084,4,-67,b'303435fc8803d056d15b963f',3404,45,78
1746745268.061928,192.168.0.219:5084,1,-62,b'303435fc8803d056d15b963f',2736,45,-234
1746745268.092619,192.168.0.219:5084,2,-61,b'303435fc8803d056d15b963f',2648,45,0
1746745268.133105,192.168.0.219:5084,3,-71,b'303435fc8803d056d15b963f',3624,45,191
1746745268.159508,192.168.0.219:5084,4,-65,b'303435fc8803d056d15b963f',1624,45,-488
1746745268.211101,192.168.0.219:5084,1,-62,b'303435fc8803d056d15b963f',3728,45,-13
1746745268.22667,192.168.0.219:5084,2,-65,b'303435fc8803d056d15b963f',1264,46,639
1746745268.286098,192.168.0.219:5084,4,-63,b'303435fc8803d056d15b963f',3812,46,-156
1746745268.300681,192.168.0.219:5084,1,-63,b'303435fc8803d056d15b963f',900,46,976
1746745268.330778,192.168.0.219:5084,2,-64,b'303435fc8803d056d15b963f',2872,46,-2460
1746745268.407871,192.168.0.219:5084,4,-63,b'303435fc8803d056d15b963f',3316,46,127
1746745268.428125,192.168.0.219:5084,1,-68,b'303435fc8803d056d15b963f',1520,47,-1660
1746745268.458817,192.168.0.219:5084,2,-61,b'303435fc8803d056d15b963f',1648,47,-1054
1746745268.490613,192.168.0.219:5084,3,-59,b'303435fc8803d056d15b963f',2116,47,371
1746745268.52089,192.168.0.219:5084,4,-54,b'303435fc8803d056d15b963f',736,47,234
1746745268.534728,192.168.0.219:5084,1,-59,b'303435fc8803d056d15b963f',920,47,332
1746745268.565749,192.168.0.219:5084,2,-60,b'303435fc8803d056d15b963f',3228,47,156
1746745268.60695,192.168.0.219:5084,3,-48,b'303435fc8803d056d15b963f',86,47,1535
1746745268.652602,192.168.0.219:5084,2,-60,b'303435fc8803d056d15b963f',1060,48,-449
1746745268.813077,192.168.0.219:5084,3,-52,b'303435fc8803d056d15b963f',2944,48,-1054
1746745268.713196,192.168.0.219:5084,4,-50,b'303435fc8803d056d15b963f',3820,48,39
1746745268.827295,192.168.0.219:5084,1,-65,b'303435fc8803d056d15b963f',2428,49,566
1746745268.857936,192.168.0.219:5084,2,-64,b'303435fc8803d056d15b963f',636,49,-195
1746745268.897581,192.168.0.219:5084,3,-68,b'303435fc8803d056d15b963f',3272,49,-3583
1746745268.924645,192.168.0.219:5084,4,-61,b'303435fc8803d056d15b963f',1276,49,195
1746745268.938491,192.168.0.219:5084,1,-58,b'303435fc8803d056d15b963f',2600,49,527
1746745269.023618,192.168.0.219:5084,3,-67,b'303435fc8803d056d15b963f',4,49,1343
1746745269.047684,192.168.0.219:5084,4,-60,b'303435fc8803d056d15b963f',816,50,-195
1746745269.1841,192.168.0.219:5084,1,-61,b'303435fc8803d056d15b963f',3704,50,-566
1746745269.276314,192.168.0.219:5084,3,-71,b'303435fc8803d056d15b963f',292,1,-20
1746745269.153608,192.168.0.219:5084,4,-53,b'303435fc8803d056d15b963f',3424,50,39
1746745269.302175,192.168.0.219:5084,1,-55,b'303435fc8803d056d15b963f',2780,1,-156
1746745269.367022,192.168.0.219:5084,3,-65,b'303435fc8803d056d15b963f',3044,1,895
1746745269.436618,192.168.0.219:5084,4,-62,b'303435fc8803d056d15b963f',868,1,15
1746745269.460564,192.168.0.219:5084,1,-61,b'303435fc8803d056d15b963f',120,2,-488
1746745269.494869,192.168.0.219:5084,2,-66,b'303435fc8803d056d15b963f',3278,2,-1663
1746745269.524317,192.168.0.219:5084,3,-64,b'303435fc8803d056d15b963f',3028,2,-410
1746745269.555043,192.168.0.219:5084,4,-59,b'303435fc8803d056d15b963f',536,2,39
1746745269.698612,192.168.0.219:5084,1,-66,b'303435fc8803d056d15b963f',3228,2,722
1746745269.637806,192.168.0.219:5084,3,-62,b'303435fc8803d056d15b963f',1548,3,566
1746745269.668229,192.168.0.219:5084,4,-61,b'303435fc8803d056d15b963f',1852,3,39
1746745269.712648,192.168.0.219:5084,1,-67,b'303435fc8803d056d15b963f',3376,3,371
1746745269.773849,192.168.0.219:5084,3,-69,b'303435fc8803d056d15b963f',1820,3,-1582
1746745269.841544,192.168.0.219:5084,4,-58,b'303435fc8803d056d15b963f',196,3,70
1746745269.867219,192.168.0.219:5084,1,-62,b'303435fc8803d056d15b963f',1956,4,-273
1746745269.906839,192.168.0.219:5084,2,-67,b'303435fc8803d056d15b963f',2796,4,3967
1746745269.936332,192.168.0.219:5084,3,-67,b'303435fc8803d056d15b963f',260,4,1407
1746745269.966585,192.168.0.219:5084,4,-56,b'303435fc8803d056d15b963f',2832,4,332
1746745270.117139,192.168.0.219:5084,1,-55,b'303435fc8803d056d15b963f',496,4,0
1746745270.059094,192.168.0.219:5084,3,-69,b'303435fc8803d056d15b963f',640,5,639
1746745270.087112,192.168.0.219:5084,4,-66,b'303435fc8803d056d15b963f',312,5,1054
1746745270.262727,192.168.0.219:5084,1,-56,b'303435fc8803d056d15b963f',1640,5,332
1746745270.302433,192.168.0.219:5084,2,-71,b'303435fc8803d056d15b963f',220,6,959
1746745270.355017,192.168.0.219:5084,3,-73,b'303435fc8803d056d15b963f',3220,6,-9
1746745270.381157,192.168.0.219:5084,1,-60,b'303435fc8803d056d15b963f',396,6,332
1746745270.445825,192.168.0.219:5084,2,-66,b'303435fc8803d056d15b963f',84,6,9
1746745270.491621,192.168.0.219:5084,4,-60,b'303435fc8803d056d15b963f',2420,7,-605
1746745270.627308,192.168.0.219:5084,1,-68,b'303435fc8803d056d15b963f',2892,7,195
1746745270.536247,192.168.0.219:5084,2,-68,b'303435fc8803d056d15b963f',40,7,-195
1746745270.596814,192.168.0.219:5084,4,-61,b'303435fc8803d056d15b963f',2108,7,-78
1746745270.893634,192.168.0.219:5084,1,-59,b'303435fc8803d056d15b963f',3384,8,-156
1746745270.863694,192.168.0.219:5084,4,-69,b'303435fc8803d056d15b963f',2714,9,-191
1746745271.030762,192.168.0.219:5084,1,-65,b'303435fc8803d056d15b963f',1936,9,1093
1746745270.968931,192.168.0.219:5084,3,-69,b'303435fc8803d056d15b963f',3588,9,839
1746745270.999607,192.168.0.219:5084,4,-61,b'303435fc8803d056d15b963f',1768,9,-39
1746745271.304343,192.168.0.219:5084,1,-61,b'303435fc8803d056d15b963f',368,10,488
1746745271.141071,192.168.0.219:5084,4,-61,b'303435fc8803d056d15b963f',504,10,234
1746745271.458867,192.168.0.219:5084,1,-60,b'303435fc8803d056d15b963f',3340,11,195
1746745271.370894,192.168.0.219:5084,2,-71,b'303435fc8803d056d15b963f',2348,11,26
1746745271.420722,192.168.0.219:5084,4,-65,b'303435fc8803d056d15b963f',3052,11,-1855
1746745271.598711,192.168.0.219:5084,1,-56,b'303435fc8803d056d15b963f',1516,12,195
1746745271.65343,192.168.0.219:5084,2,-69,b'303435fc8803d056d15b963f',3828,12,1151
1746745271.569744,192.168.0.219:5084,4,-66,b'303435fc8803d056d15b963f',3096,12,255
1746745271.807834,192.168.0.219:5084,1,-60,b'303435fc8803d056d15b963f',1900,13,234
1746745271.7075,192.168.0.219:5084,2,-66,b'303435fc8803d056d15b963f',710,13,2175
1746745271.794543,192.168.0.219:5084,4,-69,b'303435fc8803d056d15b963f',252,13,-17
1746745271.952316,192.168.0.219:5084,1,-60,b'303435fc8803d056d15b963f',2064,13,332
1746745272.009672,192.168.0.219:5084,2,-73,b'303435fc8803d056d15b963f',2984,14,15
1746745271.921451,192.168.0.219:5084,4,-59,b'303435fc8803d056d15b963f',776,14,-195
1746745272.226116,192.168.0.219:5084,1,-64,b'303435fc8803d056d15b963f',4052,14,-1599
1746745272.101408,192.168.0.219:5084,2,-72,b'303435fc8803d056d15b963f',300,15,29
1746745272.178919,192.168.0.219:5084,4,-72,b'303435fc8803d056d15b963f',120,15,-103
1746745272.385959,192.168.0.219:5084,1,-67,b'303435fc8803d056d15b963f',2708,16,-117
1746745272.416207,192.168.0.219:5084,2,-62,b'303435fc8803d056d15b963f',1056,16,78
1746745272.324796,192.168.0.219:5084,3,-64,b'303435fc8803d056d15b963f',600,16,800
1746745272.355048,192.168.0.219:5084,4,-66,b'303435fc8803d056d15b963f',1456,16,878
1746745272.430284,192.168.0.219:5084,1,-62,b'303435fc8803d056d15b963f',868,16,-839
1746745272.479104,192.168.0.219:5084,2,-59,b'303435fc8803d056d15b963f',1036,16,2815
1746745272.505776,192.168.0.219:5084,3,-61,b'303435fc8803d056d15b963f',1284,17,0
1746745272.519805,192.168.0.219:5084,1,-61,b'303435fc8803d056d15b963f',584,17,683
1746745272.550332,192.168.0.219:5084,2,-61,b'303435fc8803d056d15b963f',1036,17,449
1746745272.580706,192.168.0.219:5084,3,-62,b'303435fc8803d056d15b963f',2796,17,332
1746745272.611348,192.168.0.219:5084,4,-64,b'303435fc8803d056d15b963f',768,17,371
1746745272.625775,192.168.0.219:5084,1,-68,b'303435fc8803d056d15b963f',1292,17,1015
1746745272.691288,192.168.0.219:5084,2,-59,b'303435fc8803d056d15b963f',3684,17,30
1746745272.741073,192.168.0.219:5084,4,-65,b'303435fc8803d056d15b963f',492,18,878
1746745272.782894,192.168.0.219:5084,1,-71,b'303435fc8803d056d15b963f',3188,18,-34
1746745272.799754,192.168.0.219:5084,2,-66,b'303435fc8803d056d15b963f',60,18,127
1746745272.829177,192.168.0.219:5084,3,-63,b'303435fc8803d056d15b963f',1304,18,-78
1746745272.86067,192.168.0.219:5084,4,-63,b'303435fc8803d056d15b963f',644,18,410
1746745272.995749,192.168.0.219:5084,1,-57,b'303435fc8803d056d15b963f',92,19,273
1746745273.033031,192.168.0.219:5084,2,-67,b'303435fc8803d056d15b963f',1412,19,0
1746745272.934683,192.168.0.219:5084,3,-65,b'303435fc8803d056d15b963f',3696,19,1445
1746745273.190854,192.168.0.219:5084,1,-61,b'303435fc8803d056d15b963f',2364,19,0
1746745273.086832,192.168.0.219:5084,2,-66,b'303435fc8803d056d15b963f',3856,20,895
1746745273.136846,192.168.0.219:5084,3,-75,b'303435fc8803d056d15b963f',744,20,107
1746745273.204316,192.168.0.219:5084,1,-63,b'303435fc8803d056d15b963f',1636,20,78
1746745273.238968,192.168.0.219:5084,2,-63,b'303435fc8803d056d15b963f',2904,20,3199
1746745273.287663,192.168.0.219:5084,3,-63,b'303435fc8803d056d15b963f',196,20,3391
1746745273.304943,192.168.0.219:5084,1,-68,b'303435fc8803d056d15b963f',1672,21,1015
1746745273.336016,192.168.0.219:5084,2,-67,b'303435fc8803d056d15b963f',3860,21,1054
1746745273.366174,192.168.0.219:5084,3,-68,b'303435fc8803d056d15b963f',2680,21,-1894
1746745273.406479,192.168.0.219:5084,4,-74,b'303435fc8803d056d15b963f',3240,21,-1279
1746745273.601603,192.168.0.219:5084,2,-62,b'303435fc8803d056d15b963f',826,21,-1151
1746745273.508803,192.168.0.219:5084,3,-64,b'303435fc8803d056d15b963f',1796,22,156
1746745273.61728,192.168.0.219:5084,1,-68,b'303435fc8803d056d15b963f',1588,22,-78
1746745273.689003,192.168.0.219:5084,3,-60,b'303435fc8803d056d15b963f',3518,22,1343
1746745273.718115,192.168.0.219:5084,4,-70,b'303435fc8803d056d15b963f',1192,23,39
1746745273.908132,192.168.0.219:5084,2,-72,b'303435fc8803d056d15b963f',556,23,-639
1746745273.797203,192.168.0.219:5084,3,-61,b'303435fc8803d056d15b963f',1044,23,0
1746745273.827681,192.168.0.219:5084,4,-63,b'303435fc8803d056d15b963f',2340,23,-839
1746745273.931489,192.168.0.219:5084,1,-69,b'303435fc8803d056d15b963f',360,24,1343
1746745273.964935,192.168.0.219:5084,2,-67,b'303435fc8803d056d15b963f',196,24,831
1746745273.994077,192.168.0.219:5084,3,-63,b'303435fc8803d056d15b963f',3132,24,-39
1746745274.024984,192.168.0.219:5084,4,-66,b'303435fc8803d056d15b963f',1632,24,1367
1746745274.169533,192.168.0.219:5084,1,-69,b'303435fc8803d056d15b963f',734,24,1535
1746745274.10557,192.168.0.219:5084,3,-61,b'303435fc8803d056d15b963f',3292,25,273
1746745274.136339,192.168.0.219:5084,4,-70,b'303435fc8803d056d15b963f',212,25,-449
1746745274.184914,192.168.0.219:5084,1,-69,b'303435fc8803d056d15b963f',3972,25,1289
1746745274.234685,192.168.0.219:5084,2,-75,b'303435fc8803d056d15b963f',828,25,-15
1746745274.25857,192.168.0.219:5084,3,-64,b'303435fc8803d056d15b963f',196,25,1015
1746745274.2898,192.168.0.219:5084,4,-69,b'303435fc8803d056d15b963f',1576,25,-976
1746745274.331334,192.168.0.219:5084,1,-73,b'303435fc8803d056d15b963f',232,26,-36
1746745274.344881,192.168.0.219:5084,2,-68,b'303435fc8803d056d15b963f',3148,26,5800
1746745274.375657,192.168.0.219:5084,3,-69,b'303435fc8803d056d15b963f',3872,26,-156
1746745274.405808,192.168.0.219:5084,4,-62,b'303435fc8803d056d15b963f',2648,26,449
1746745274.423465,192.168.0.219:5084,1,-71,b'303435fc8803d056d15b963f',3954,26,-2751
1746745274.452091,192.168.0.219:5084,2,-68,b'303435fc8803d056d15b963f',3496,26,-2421
1746745274.516511,192.168.0.219:5084,3,-64,b'303435fc8803d056d15b963f',404,26,36
1746745274.696529,192.168.0.219:5084,2,-65,b'303435fc8803d056d15b963f',1768,27,-78
1746745274.604115,192.168.0.219:5084,3,-68,b'303435fc8803d056d15b963f',2812,27,839
1746745274.637069,192.168.0.219:5084,4,-70,b'303435fc8803d056d15b963f',786,27,2303
1746745274.832279,192.168.0.219:5084,1,-69,b'303435fc8803d056d15b963f',208,28,-605
1746745274.741613,192.168.0.219:5084,2,-62,b'303435fc8803d056d15b963f',4012,28,78
1746745274.801783,192.168.0.219:5084,4,-66,b'303435fc8803d056d15b963f',2324,28,-1289
1746745274.846369,192.168.0.219:5084,1,-68,b'303435fc8803d056d15b963f',244,28,-761
1746745274.877325,192.168.0.219:5084,2,-67,b'303435fc8803d056d15b963f',764,28,1699
1746745274.923573,192.168.0.219:5084,3,-73,b'303435fc8803d056d15b963f',2948,29,3583
1746745274.954649,192.168.0.219:5084,4,-70,b'303435fc8803d056d15b963f',292,29,-4671
1746745275.131312,192.168.0.219:5084,2,-62,b'303435fc8803d056d15b963f',96,29,78
1746745275.03042,192.168.0.219:5084,3,-70,b'303435fc8803d056d15b963f',1200,29,-371
1746745275.191561,192.168.0.219:5084,4,-67,b'303435fc8803d056d15b963f',552,30,527
1746745275.235599,192.168.0.219:5084,2,-64,b'303435fc8803d056d15b963f',2132,30,-937
1746745275.265794,192.168.0.219:5084,3,-69,b'303435fc8803d056d15b963f',876,30,3515
1746745275.331998,192.168.0.219:5084,4,-55,b'303435fc8803d056d15b963f',4052,30,48
1746745275.47811,192.168.0.219:5084,1,-66,b'303435fc8803d056d15b963f',1044,31,1523
1746745275.385381,192.168.0.219:5084,2,-66,b'303435fc8803d056d15b963f',88,31,1367
1746745275.416021,192.168.0.219:5084,3,-69,b'303435fc8803d056d15b963f',224,31,-1660
1746745275.448873,192.168.0.219:5084,4,-62,b'303435fc8803d056d15b963f',230,31,2175
1746745275.530312,192.168.0.219:5084,1,-62,b'303435fc8803d056d15b963f',380,31,19
1746745275.544681,192.168.0.219:5084,2,-64,b'303435fc8803d056d15b963f',2308,32,-527
1746745275.604727,192.168.0.219:5084,4,-56,b'303435fc8803d056d15b963f',904,32,39
1746745275.755989,192.168.0.219:5084,1,-55,b'303435fc8803d056d15b963f',3104,32,-117
1746745275.729037,192.168.0.219:5084,4,-51,b'303435fc8803d056d15b963f',3656,32,2111
1746745275.904889,192.168.0.219:5084,1,-55,b'303435fc8803d056d15b963f',2768,33,-195
1746745275.860615,192.168.0.219:5084,3,-71,b'303435fc8803d056d15b963f',3512,33,1
1746745275.874285,192.168.0.219:5084,4,-56,b'303435fc8803d056d15b963f',3256,33,195
1746745276.083446,192.168.0.219:5084,1,-51,b'303435fc8803d056d15b963f',3560,34,-273
1746745276.155938,192.168.0.219:5084,3,-63,b'303435fc8803d056d15b963f',148,35,63
1746745276.069916,192.168.0.219:5084,4,-60,b'303435fc8803d056d15b963f',3720,34,42
1746745276.29171,192.168.0.219:5084,1,-59,b'303435fc8803d056d15b963f',1016,35,839
1746745276.333749,192.168.0.219:5084,2,-59,b'303435fc8803d056d15b963f',560,35,63
1746745276.479798,192.168.0.219:5084,1,-64,b'303435fc8803d056d15b963f',2520,36,273
1746745276.55211,192.168.0.219:5084,3,-66,b'303435fc8803d056d15b963f',2832,37,-1582
1746745276.449296,192.168.0.219:5084,4,-59,b'303435fc8803d056d15b963f',252,36,527
1746745276.687013,192.168.0.219:5084,1,-62,b'303435fc8803d056d15b963f',3780,37,-39
1746745276.717279,192.168.0.219:5084,2,-65,b'303435fc8803d056d15b963f',516,37,722
1746745276.656148,192.168.0.219:5084,4,-60,b'303435fc8803d056d15b963f',2372,37,78
1746745276.862341,192.168.0.219:5084,1,-61,b'303435fc8803d056d15b963f',3824,38,-488
1746745276.893318,192.168.0.219:5084,2,-55,b'303435fc8803d056d15b963f',3956,38,722
1746745276.830683,192.168.0.219:5084,4,-51,b'303435fc8803d056d15b963f',2272,38,-117
1746745277.051931,192.168.0.219:5084,1,-58,b'303435fc8803d056d15b963f',2168,38,-117
1746745276.946065,192.168.0.219:5084,2,-62,b'303435fc8803d056d15b963f',240,39,78
1746745277.038409,192.168.0.219:5084,4,-69,b'303435fc8803d056d15b963f',3060,39,-51
1746745277.194325,192.168.0.219:5084,1,-57,b'303435fc8803d056d15b963f',2336,39,156
1746745277.283818,192.168.0.219:5084,4,-60,b'303435fc8803d056d15b963f',3880,40,371
1746745277.297158,192.168.0.219:5084,1,-61,b'303435fc8803d056d15b963f',3580,40,117
1746745277.365071,192.168.0.219:5084,2,-62,b'303435fc8803d056d15b963f',756,40,1
1746745277.40874,192.168.0.219:5084,4,-60,b'303435fc8803d056d15b963f',1732,41,722
1746745277.547668,192.168.0.219:5084,1,-56,b'303435fc8803d056d15b963f',2196,41,273
1746745277.456873,192.168.0.219:5084,2,-61,b'303435fc8803d056d15b963f',3572,41,3327
1746745277.518306,192.168.0.219:5084,4,-63,b'303435fc8803d056d15b963f',288,41,255
1746745277.683669,192.168.0.219:5084,1,-59,b'303435fc8803d056d15b963f',1660,42,-195
1746745277.592594,192.168.0.219:5084,2,-68,b'303435fc8803d056d15b963f',936,42,3750
1746745277.653403,192.168.0.219:5084,4,-63,b'303435fc8803d056d15b963f',3848,42,-39
1746745277.838641,192.168.0.219:5084,1,-54,b'303435fc8803d056d15b963f',1424,42,371
1746745277.755734,192.168.0.219:5084,2,-70,b'303435fc8803d056d15b963f',620,42,14
1746745277.809069,192.168.0.219:5084,4,-66,b'303435fc8803d056d15b963f',3600,43,-1535
1746745278.001992,192.168.0.219:5084,1,-54,b'303435fc8803d056d15b963f',408,43,371
1746745277.893009,192.168.0.219:5084,2,-65,b'303435fc8803d056d15b963f',2616,43,-234
1746745277.986924,192.168.0.219:5084,4,-72,b'303435fc8803d056d15b963f',3892,44,-32
1746745278.139467,192.168.0.219:5084,1,-60,b'303435fc8803d056d15b963f',1300,44,605
1746745278.35632,192.168.0.219:5084,4,-64,b'303435fc8803d056d15b963f',560,45,-195
1746745278.643228,192.168.0.219:5084,1,-65,b'303435fc8803d056d15b963f',796,46,605
1746745278.491829,192.168.0.219:5084,4,-70,b'303435fc8803d056d15b963f',888,46,-2303
1746745278.906528,192.168.0.219:5084,1,-58,b'303435fc8803d056d15b963f',2700,47,-332
1746745279.048326,192.168.0.219:5084,1,-57,b'303435fc8803d056d15b963f',1116,48,-117
1746745279.13769,192.168.0.219:5084,4,-66,b'303435fc8803d056d15b963f',688,49,722
1746745279.280403,192.168.0.219:5084,1,-59,b'303435fc8803d056d15b963f',3752,49,39
1746745279.31055,192.168.0.219:5084,2,-61,b'303435fc8803d056d15b963f',2208,50,1621
1746745279.249472,192.168.0.219:5084,4,-60,b'303435fc8803d056d15b963f',3932,50,449
1746745279.324729,192.168.0.219:5084,1,-59,b'303435fc8803d056d15b963f',2656,50,78
1746745279.355482,192.168.0.219:5084,2,-60,b'303435fc8803d056d15b963f',3044,50,-156
1746745279.392456,192.168.0.219:5084,3,-65,b'303435fc8803d056d15b963f',3820,1,644
1746745279.42317,192.168.0.219:5084,4,-60,b'303435fc8803d056d15b963f',3416,1,488
1746745279.55887,192.168.0.219:5084,1,-58,b'303435fc8803d056d15b963f',496,1,-1054
1746745279.497473,192.168.0.219:5084,3,-64,b'303435fc8803d056d15b963f',1096,1,683
1746745279.528101,192.168.0.219:5084,4,-65,b'303435fc8803d056d15b963f',576,1,332
1746745279.60739,192.168.0.219:5084,1,-57,b'303435fc8803d056d15b963f',1208,1,-9
1746745279.625792,192.168.0.219:5084,2,-66,b'303435fc8803d056d15b963f',1362,2,-3583
1746745279.655056,192.168.0.219:5084,3,-64,b'303435fc8803d056d15b963f',1596,2,-195
1746745279.802585,192.168.0.219:5084,1,-59,b'303435fc8803d056d15b963f',632,2,-117
1746745279.699986,192.168.0.219:5084,2,-65,b'303435fc8803d056d15b963f',1212,2,605
1746745279.738626,192.168.0.219:5084,3,-71,b'303435fc8803d056d15b963f',596,2,1919
1746745279.937742,192.168.0.219:5084,1,-59,b'303435fc8803d056d15b963f',1020,3,-234
1746745279.847475,192.168.0.219:5084,2,-65,b'303435fc8803d056d15b963f',2380,3,-3437
1746745280.005896,192.168.0.219:5084,3,-69,b'303435fc8803d056d15b963f',3928,4,449
1746745280.145757,192.168.0.219:5084,1,-66,b'303435fc8803d056d15b963f',56,4,-1663
1746745280.079918,192.168.0.219:5084,3,-68,b'303435fc8803d056d15b963f',2732,4,371
1746745280.114551,192.168.0.219:5084,4,-63,b'303435fc8803d056d15b963f',232,4,-447
1746745280.30064,192.168.0.219:5084,1,-60,b'303435fc8803d056d15b963f',2856,4,332
1746745280.239398,192.168.0.219:5084,3,-60,b'303435fc8803d056d15b963f',2064,5,-156
1746745280.269912,192.168.0.219:5084,4,-56,b'303435fc8803d056d15b963f',752,5,-39
1746745280.314604,192.168.0.219:5084,1,-63,b'303435fc8803d056d15b963f',2708,5,488
1746745280.348289,192.168.0.219:5084,2,-64,b'303435fc8803d056d15b963f',3346,5,-2623
1746745280.419858,192.168.0.219:5084,3,-70,b'303435fc8803d056d15b963f',4084,5,111
1746745280.596996,192.168.0.219:5084,2,-64,b'303435fc8803d056d15b963f',2228,6,-566
1746745280.505863,192.168.0.219:5084,3,-61,b'303435fc8803d056d15b963f',348,6,-156
1746745280.537011,192.168.0.219:5084,4,-56,b'303435fc8803d056d15b963f',1948,6,605
1746745280.762656,192.168.0.219:5084,2,-63,b'303435fc8803d056d15b963f',236,7,-273
1746745280.67204,192.168.0.219:5084,3,-58,b'303435fc8803d056d15b963f',3660,7,195
1746745280.702307,192.168.0.219:5084,4,-58,b'303435fc8803d056d15b963f',3956,7,156
1746745280.816527,192.168.0.219:5084,2,-63,b'303435fc8803d056d15b963f',3270,7,0
1746745280.846178,192.168.0.219:5084,3,-62,b'303435fc8803d056d15b963f',1760,8,-371
1746745280.877013,192.168.0.219:5084,4,-61,b'303435fc8803d056d15b963f',3176,8,-195
1746745280.890963,192.168.0.219:5084,1,-64,b'303435fc8803d056d15b963f',3284,8,449
1746745280.921754,192.168.0.219:5084,2,-68,b'303435fc8803d056d15b963f',36,8,-410
1746745280.952659,192.168.0.219:5084,3,-62,b'303435fc8803d056d15b963f',3148,8,-195
1746745280.9831,192.168.0.219:5084,4,-63,b'303435fc8803d056d15b963f',464,8,683
1746745281.032465,192.168.0.219:5084,1,-62,b'303435fc8803d056d15b963f',2444,8,-3
1746745281.052749,192.168.0.219:5084,2,-66,b'303435fc8803d056d15b963f',2060,9,-1250
1746745281.083789,192.168.0.219:5084,3,-64,b'303435fc8803d056d15b963f',3292,9,-78
1746745281.258543,192.168.0.219:5084,2,-61,b'303435fc8803d056d15b963f',2792,9,332
1746745281.1605,192.168.0.219:5084,3,-63,b'303435fc8803d056d15b963f',1588,9,-117
1746745281.191148,192.168.0.219:5084,4,-60,b'303435fc8803d056d15b963f',588,9,-195
1746745281.302155,192.168.0.219:5084,2,-64,b'303435fc8803d056d15b963f',496,10,-1816
1746745281.477492,192.168.0.219:5084,3,-59,b'303435fc8803d056d15b963f',3396,10,3391
1746745281.36406,192.168.0.219:5084,4,-61,b'303435fc8803d056d15b963f',924,10,800
1746745281.614717,192.168.0.219:5084,1,-61,b'303435fc8803d056d15b963f',1280,11,39
1746745281.522421,192.168.0.219:5084,2,-65,b'303435fc8803d056d15b963f',2988,11,-1171
1746745281.553455,192.168.0.219:5084,3,-67,b'303435fc8803d056d15b963f',324,11,-722
1746745281.583649,192.168.0.219:5084,4,-53,b'303435fc8803d056d15b963f',168,11,332
1746745281.761051,192.168.0.219:5084,1,-60,b'303435fc8803d056d15b963f',3104,12,959
1746745281.659649,192.168.0.219:5084,2,-65,b'303435fc8803d056d15b963f',1520,12,-937
1746745281.719965,192.168.0.219:5084,4,-54,b'303435fc8803d056d15b963f',368,12,371
1746745281.911168,192.168.0.219:5084,1,-62,b'303435fc8803d056d15b963f',2896,12,39
1746745281.850402,192.168.0.219:5084,3,-59,b'303435fc8803d056d15b963f',1264,13,195
1746745281.881011,192.168.0.219:5084,4,-52,b'303435fc8803d056d15b963f',3084,13,-78
1746745281.924982,192.168.0.219:5084,1,-63,b'303435fc8803d056d15b963f',3100,13,156
1746745281.955574,192.168.0.219:5084,2,-62,b'303435fc8803d056d15b963f',3440,13,78
1746745282.036416,192.168.0.219:5084,4,-58,b'303435fc8803d056d15b963f',1612,13,1151
1746745282.324733,192.168.0.219:5084,1,-63,b'303435fc8803d056d15b963f',2000,14,-156
1746745282.143722,192.168.0.219:5084,3,-72,b'303435fc8803d056d15b963f',3056,14,-6
1746745282.298046,192.168.0.219:5084,4,-67,b'303435fc8803d056d15b963f',1360,15,1919
1746745282.480208,192.168.0.219:5084,1,-57,b'303435fc8803d056d15b963f',1240,15,644
1746745282.540833,192.168.0.219:5084,3,-66,b'303435fc8803d056d15b963f',2524,16,-1894
1746745282.45005,192.168.0.219:5084,4,-57,b'303435fc8803d056d15b963f',1652,16,-117
1746745282.685887,192.168.0.219:5084,1,-59,b'303435fc8803d056d15b963f',2692,16,-273
1746745282.775384,192.168.0.219:5084,4,-62,b'303435fc8803d056d15b963f',2520,17,1054
1746745282.924766,192.168.0.219:5084,1,-56,b'303435fc8803d056d15b963f',376,17,39
1746745283.024768,192.168.0.219:5084,4,-63,b'303435fc8803d056d15b963f',644,18,319
1746745283.196027,192.168.0.219:5084,1,-61,b'303435fc8803d056d15b963f',720,19,83
1746745283.256095,192.168.0.219:5084,3,-67,b'303435fc8803d056d15b963f',616,20,2111
1746745283.141808,192.168.0.219:5084,4,-55,b'303435fc8803d056d15b963f',252,19,-39
1746745283.520618,192.168.0.219:5084,1,-64,b'303435fc8803d056d15b963f',820,20,-234
1746745283.49005,192.168.0.219:5084,4,-59,b'303435fc8803d056d15b963f',1080,20,-683
1746745283.662747,192.168.0.219:5084,1,-67,b'303435fc8803d056d15b963f',92,22,371
1746745283.693529,192.168.0.219:5084,2,-61,b'303435fc8803d056d15b963f',2308,21,332
1746745283.625643,192.168.0.219:5084,4,-68,b'303435fc8803d056d15b963f',884,21,1582
1746745283.70777,192.168.0.219:5084,1,-64,b'303435fc8803d056d15b963f',1012,22,39
1746745283.738192,192.168.0.219:5084,2,-63,b'303435fc8803d056d15b963f',3044,22,-117
1746745283.792373,192.168.0.219:5084,3,-71,b'303435fc8803d056d15b963f',2812,22,1
1746745283.81215,192.168.0.219:5084,4,-63,b'303435fc8803d056d15b963f',772,22,332
1746745283.957816,192.168.0.219:5084,1,-57,b'303435fc8803d056d15b963f',668,22,-195
1746745283.866642,192.168.0.219:5084,2,-62,b'303435fc8803d056d15b963f',2952,23,-1171
1746745283.926882,192.168.0.219:5084,4,-63,b'303435fc8803d056d15b963f',864,23,683
1746745284.09869,192.168.0.219:5084,1,-57,b'303435fc8803d056d15b963f',2100,23,156
1746745284.192356,192.168.0.219:5084,4,-64,b'303435fc8803d056d15b963f',2964,24,-1215
1746745284.208421,192.168.0.219:5084,1,-59,b'303435fc8803d056d15b963f',3308,24,234
1746745284.283867,192.168.0.219:5084,2,-70,b'303435fc8803d056d15b963f',4032,24,12
1746745284.327069,192.168.0.219:5084,4,-65,b'303435fc8803d056d15b963f',3984,25,-1328
1746745284.467401,192.168.0.219:5084,1,-60,b'303435fc8803d056d15b963f',3436,25,605
1746745284.382515,192.168.0.219:5084,2,-68,b'303435fc8803d056d15b963f',628,25,447
1746745284.437243,192.168.0.219:5084,4,-61,b'303435fc8803d056d15b963f',1172,25,722
1746745284.60671,192.168.0.219:5084,1,-57,b'303435fc8803d056d15b963f',3204,26,-39
1746745284.708626,192.168.0.219:5084,4,-61,b'303435fc8803d056d15b963f',3622,26,2175
1746745284.992646,192.168.0.219:5084,1,-56,b'303435fc8803d056d15b963f',176,27,-78
1746745284.837515,192.168.0.219:5084,4,-70,b'303435fc8803d056d15b963f',3972,27,-68
1746745285.006007,192.168.0.219:5084,1,-62,b'303435fc8803d056d15b963f',4060,28,449
1746745285.039626,192.168.0.219:5084,2,-65,b'303435fc8803d056d15b963f',3116,28,639
1746745285.096922,192.168.0.219:5084,3,-62,b'303435fc8803d056d15b963f',0,28,0
1746745285.380388,192.168.0.219:5084,1,-54,b'303435fc8803d056d15b963f',2812,29,-39
1746745285.194373,192.168.0.219:5084,3,-65,b'303435fc8803d056d15b963f',3966,29,1343
1746745285.642107,192.168.0.219:5084,1,-57,b'303435fc8803d056d15b963f',2284,30,-78
1746745285.738174,192.168.0.219:5084,3,-69,b'303435fc8803d056d15b963f',380,32,54
1746745285.884276,192.168.0.219:5084,1,-57,b'303435fc8803d056d15b963f',1664,32,-39
1746745285.792636,192.168.0.219:5084,2,-61,b'303435fc8803d056d15b963f',1712,32,410
1746745285.853443,192.168.0.219:5084,4,-61,b'303435fc8803d056d15b963f',1452,32,0
1746745285.898343,192.168.0.219:5084,1,-56,b'303435fc8803d056d15b963f',3808,33,117
1746745285.928939,192.168.0.219:5084,2,-62,b'303435fc8803d056d15b963f',356,33,1015
1746745285.958949,192.168.0.219:5084,3,-61,b'303435fc8803d056d15b963f',1332,33,273
1746745285.989579,192.168.0.219:5084,4,-62,b'303435fc8803d056d15b963f',664,33,-878
1746745286.056569,192.168.0.219:5084,2,-68,b'303435fc8803d056d15b963f',252,33,-25
1746745286.110587,192.168.0.219:5084,3,-63,b'303435fc8803d056d15b963f',856,33,32
1746745286.12605,192.168.0.219:5084,4,-63,b'303435fc8803d056d15b963f',3652,34,-449
1746745286.263442,192.168.0.219:5084,1,-64,b'303435fc8803d056d15b963f',1364,34,-644
1746745286.169883,192.168.0.219:5084,2,-63,b'303435fc8803d056d15b963f',1532,34,-1406
1746745286.339271,192.168.0.219:5084,3,-68,b'303435fc8803d056d15b963f',3832,35,1599
1746745286.232018,192.168.0.219:5084,4,-67,b'303435fc8803d056d15b963f',960,34,527
1746745286.521642,192.168.0.219:5084,1,-67,b'303435fc8803d056d15b963f',3072,35,-65
1746745286.425557,192.168.0.219:5084,3,-65,b'303435fc8803d056d15b963f',2444,35,39
1746745286.725716,192.168.0.219:5084,1,-66,b'303435fc8803d056d15b963f',1404,36,-78
1746745286.656037,192.168.0.219:5084,4,-59,b'303435fc8803d056d15b963f',2584,36,-156
1746745286.74987,192.168.0.219:5084,1,-65,b'303435fc8803d056d15b963f',2580,37,-371
1746745286.901877,192.168.0.219:5084,2,-56,b'303435fc8803d056d15b963f',1252,37,-39
1746745286.8104,192.168.0.219:5084,3,-60,b'303435fc8803d056d15b963f',1488,37,-371
1746745286.841135,192.168.0.219:5084,4,-62,b'303435fc8803d056d15b963f',4020,37,937
1746745286.921168,192.168.0.219:5084,1,-63,b'303435fc8803d056d15b963f',1192,38,-117
1746745286.951952,192.168.0.219:5084,2,-62,b'303435fc8803d056d15b963f',500,38,1328
1746745286.98317,192.168.0.219:5084,3,-60,b'303435fc8803d056d15b963f',364,38,195
1746745287.013212,192.168.0.219:5084,4,-65,b'303435fc8803d056d15b963f',2396,38,-1621
1746745287.027274,192.168.0.219:5084,1,-66,b'303435fc8803d056d15b963f',2820,38,-410
1746745287.058376,192.168.0.219:5084,2,-66,b'303435fc8803d056d15b963f',796,38,-1855
1746745287.123012,192.168.0.219:5084,3,-61,b'303435fc8803d056d15b963f',3960,39,10
1746745287.142966,192.168.0.219:5084,4,-56,b'303435fc8803d056d15b963f',2204,39,-195
1746745287.183274,192.168.0.219:5084,1,-71,b'303435fc8803d056d15b963f',620,39,7
1746745287.198517,192.168.0.219:5084,2,-65,b'303435fc8803d056d15b963f',3616,39,-371
1746745287.22958,192.168.0.219:5084,3,-57,b'303435fc8803d056d15b963f',2304,39,605
1746745287.260079,192.168.0.219:5084,4,-57,b'303435fc8803d056d15b963f',3796,39,332
1746745287.300213,192.168.0.219:5084,1,-69,b'303435fc8803d056d15b963f',3500,39,-13
1746745287.32636,192.168.0.219:5084,2,-62,b'303435fc8803d056d15b963f',1272,40,-332
1746745287.357753,192.168.0.219:5084,3,-69,b'303435fc8803d056d15b963f',2560,40,-1406
1746745287.38891,192.168.0.219:5084,4,-64,b'303435fc8803d056d15b963f',108,40,878
1746745287.433959,192.168.0.219:5084,2,-63,b'303435fc8803d056d15b963f',3972,40,1445
1746745287.46572,192.168.0.219:5084,3,-64,b'303435fc8803d056d15b963f',2868,40,-1328
1746745287.527339,192.168.0.219:5084,4,-59,b'303435fc8803d056d15b963f',3604,40,42
1746745287.685274,192.168.0.219:5084,1,-67,b'303435fc8803d056d15b963f',3908,41,-566
1746745287.592556,192.168.0.219:5084,2,-61,b'303435fc8803d056d15b963f',1596,41,-117
1746745287.623685,192.168.0.219:5084,3,-59,b'303435fc8803d056d15b963f',1280,41,449
1746745287.654902,192.168.0.219:5084,4,-58,b'303435fc8803d056d15b963f',36,41,449
1746745287.699543,192.168.0.219:5084,1,-65,b'303435fc8803d056d15b963f',3944,41,-1484
1746745287.749027,192.168.0.219:5084,2,-62,b'303435fc8803d056d15b963f',140,42,-273
1746745287.780157,192.168.0.219:5084,3,-58,b'303435fc8803d056d15b963f',1544,42,78
1746745287.810176,192.168.0.219:5084,4,-62,b'303435fc8803d056d15b963f',2984,42,1660
1746745287.8545,192.168.0.219:5084,2,-58,b'303435fc8803d056d15b963f',2320,42,371
1746745287.885173,192.168.0.219:5084,3,-65,b'303435fc8803d056d15b963f',3920,42,-332
1746745287.925411,192.168.0.219:5084,4,-58,b'303435fc8803d056d15b963f',2868,42,1087
1746745287.944719,192.168.0.219:5084,1,-65,b'303435fc8803d056d15b963f',590,43,319
1746745287.974192,192.168.0.219:5084,2,-64,b'303435fc8803d056d15b963f',1900,43,1367
1746745288.013907,192.168.0.219:5084,3,-69,b'303435fc8803d056d15b963f',2456,43,-1663
1746745288.041131,192.168.0.219:5084,4,-56,b'303435fc8803d056d15b963f',684,43,0
1746745288.30526,192.168.0.219:5084,1,-59,b'303435fc8803d056d15b963f',1664,43,39
1746745288.27449,192.168.0.219:5084,4,-45,b'303435fc8803d056d15b963f',3616,44,195
1746745288.45709,192.168.0.219:5084,1,-58,b'303435fc8803d056d15b963f',128,44,195
1746745288.421994,192.168.0.219:5084,4,-51,b'303435fc8803d056d15b963f',3972,45,273
1746745288.605487,192.168.0.219:5084,1,-58,b'303435fc8803d056d15b963f',1380,45,410
1746745288.545541,192.168.0.219:5084,3,-63,b'303435fc8803d056d15b963f',3560,46,1407
1746745288.57452,192.168.0.219:5084,4,-53,b'303435fc8803d056d15b963f',1608,46,195
1746745288.763172,192.168.0.219:5084,1,-59,b'303435fc8803d056d15b963f',3996,46,78
1746745288.743045,192.168.0.219:5084,4,-57,b'303435fc8803d056d15b963f',476,46,51
1746745289.03145,192.168.0.219:5084,1,-61,b'303435fc8803d056d15b963f',3592,47,-273
1746745288.867561,192.168.0.219:5084,4,-57,b'303435fc8803d056d15b963f',1796,47,0
1746745289.172714,192.168.0.219:5084,1,-59,b'303435fc8803d056d15b963f',3340,48,-273
1746745289.262986,192.168.0.219:5084,4,-60,b'303435fc8803d056d15b963f',2232,49,-683
1746745289.408599,192.168.0.219:5084,1,-55,b'303435fc8803d056d15b963f',3576,49,-39
1746745289.311989,192.168.0.219:5084,2,-64,b'303435fc8803d056d15b963f',3416,49,-319
1746745289.377833,192.168.0.219:5084,4,-54,b'303435fc8803d056d15b963f',476,50,-273
1746745289.552073,192.168.0.219:5084,1,-55,b'303435fc8803d056d15b963f',2408,50,-156
1746745289.514069,192.168.0.219:5084,4,-59,b'303435fc8803d056d15b963f',3920,50,117
1746745289.693014,192.168.0.219:5084,1,-56,b'303435fc8803d056d15b963f',2356,1,488
1746745289.605079,192.168.0.219:5084,2,-65,b'303435fc8803d056d15b963f',292,1,1919
1746745289.662444,192.168.0.219:5084,4,-61,b'303435fc8803d056d15b963f',3508,1,-332
1746745289.965676,192.168.0.219:5084,1,-55,b'303435fc8803d056d15b963f',3948,1,1983
1746745289.924803,192.168.0.219:5084,4,-57,b'303435fc8803d056d15b963f',2692,2,-117
1746745290.106111,192.168.0.219:5084,1,-61,b'303435fc8803d056d15b963f',1132,3,0
1746745290.20456,192.168.0.219:5084,4,-60,b'303435fc8803d056d15b963f',1128,3,410
1746745290.354549,192.168.0.219:5084,1,-57,b'303435fc8803d056d15b963f',1820,4,2382
1746745290.268082,192.168.0.219:5084,2,-69,b'303435fc8803d056d15b963f',420,4,52
1746745290.321815,192.168.0.219:5084,4,-62,b'303435fc8803d056d15b963f',1764,4,-449
1746745290.496674,192.168.0.219:5084,1,-58,b'303435fc8803d056d15b963f',124,5,-449
1746745290.403262,192.168.0.219:5084,2,-64,b'303435fc8803d056d15b963f',792,5,683
1746745290.466916,192.168.0.219:5084,4,-64,b'303435fc8803d056d15b963f',3332,5,703
1746745290.674374,192.168.0.219:5084,1,-61,b'303435fc8803d056d15b963f',1772,5,-19
1746745290.575891,192.168.0.219:5084,2,-64,b'303435fc8803d056d15b963f',2384,5,51
1746745290.831969,192.168.0.219:5084,1,-59,b'303435fc8803d056d15b963f',2664,6,78
1746745290.872497,192.168.0.219:5084,2,-67,b'303435fc8803d056d15b963f',640,7,1023
1746745290.771346,192.168.0.219:5084,3,-66,b'303435fc8803d056d15b963f',3952,7,-566
1746745291.027656,192.168.0.219:5084,1,-66,b'303435fc8803d056d15b963f',3608,8,937
1746745291.06893,192.168.0.219:5084,2,-64,b'303435fc8803d056d15b963f',4052,7,1279
1746745290.998178,192.168.0.219:5084,4,-64,b'303435fc8803d056d15b963f',4036,8,639
1746745291.335094,192.168.0.219:5084,1,-54,b'303435fc8803d056d15b963f',376,8,-410
1746745291.11698,192.168.0.219:5084,2,-65,b'303435fc8803d056d15b963f',2800,8,1523
1746745291.478137,192.168.0.219:5084,1,-54,b'303435fc8803d056d15b963f',412,9,39
1746745291.508685,192.168.0.219:5084,2,-64,b'303435fc8803d056d15b963f',1688,10,1054
1746745291.538941,192.168.0.219:5084,3,-62,b'303435fc8803d056d15b963f',2528,10,195
1746745291.553012,192.168.0.219:5084,1,-55,b'303435fc8803d056d15b963f',108,10,410
1746745291.590609,192.168.0.219:5084,2,-61,b'303435fc8803d056d15b963f',92,11,488
1746745291.623665,192.168.0.219:5084,3,-64,b'303435fc8803d056d15b963f',184,11,3199
1746745291.653582,192.168.0.219:5084,4,-60,b'303435fc8803d056d15b963f',3800,11,-117
1746745291.667433,192.168.0.219:5084,1,-62,b'303435fc8803d056d15b963f',512,11,-566
1746745291.698186,192.168.0.219:5084,2,-57,b'303435fc8803d056d15b963f',3968,11,-273
1746745291.72875,192.168.0.219:5084,3,-58,b'303435fc8803d056d15b963f',2224,11,195
1746745291.768725,192.168.0.219:5084,4,-64,b'303435fc8803d056d15b963f',1576,11,-639
1746745291.788594,192.168.0.219:5084,1,-60,b'303435fc8803d056d15b963f',3876,12,-605
1746745291.819545,192.168.0.219:5084,2,-54,b'303435fc8803d056d15b963f',1204,12,78
1746745291.84982,192.168.0.219:5084,3,-55,b'303435fc8803d056d15b963f',1296,12,488
1746745291.880511,192.168.0.219:5084,4,-58,b'303435fc8803d056d15b963f',3704,12,78
1746745291.894689,192.168.0.219:5084,1,-61,b'303435fc8803d056d15b963f',656,12,527
1746745291.925061,192.168.0.219:5084,2,-65,b'303435fc8803d056d15b963f',1820,12,-976
1746745291.956183,192.168.0.219:5084,3,-62,b'303435fc8803d056d15b963f',396,12,0
1746745292.018852,192.168.0.219:5084,4,-70,b'303435fc8803d056d15b963f',532,13,28
1746745292.044665,192.168.0.219:5084,1,-61,b'303435fc8803d056d15b963f',600,13,800
1746745292.075416,192.168.0.219:5084,2,-63,b'303435fc8803d056d15b963f',2620,13,644
1746745292.104878,192.168.0.219:5084,3,-66,b'303435fc8803d056d15b963f',3752,13,1445
1746745292.159242,192.168.0.219:5084,4,-68,b'303435fc8803d056d15b963f',588,13,21
1746745292.323318,192.168.0.219:5084,1,-65,b'303435fc8803d056d15b963f',3408,14,-488
1746745292.256906,192.168.0.219:5084,3,-62,b'303435fc8803d056d15b963f',3052,14,0
1746745292.296387,192.168.0.219:5084,4,-68,b'303435fc8803d056d15b963f',3852,14,1151
1746745292.467737,192.168.0.219:5084,1,-63,b'303435fc8803d056d15b963f',388,14,-156
1746745292.371965,192.168.0.219:5084,2,-63,b'303435fc8803d056d15b963f',42,14,1727
1746745292.40702,192.168.0.219:5084,3,-61,b'303435fc8803d056d15b963f',964,15,156
1746745292.481425,192.168.0.219:5084,1,-61,b'303435fc8803d056d15b963f',4044,15,-234
1746745292.511997,192.168.0.219:5084,2,-64,b'303435fc8803d056d15b963f',2756,15,-371
1746745292.542969,192.168.0.219:5084,3,-67,b'303435fc8803d056d15b963f',3488,15,449
1746745292.573687,192.168.0.219:5084,4,-58,b'303435fc8803d056d15b963f',3940,15,-273
1746745292.608452,192.168.0.219:5084,1,-62,b'303435fc8803d056d15b963f',148,15,-639
1746745292.635219,192.168.0.219:5084,2,-65,b'303435fc8803d056d15b963f',316,16,3105
1746745292.666093,192.168.0.219:5084,3,-55,b'303435fc8803d056d15b963f',3064,16,-273
1746745292.835648,192.168.0.219:5084,2,-58,b'303435fc8803d056d15b963f',1396,16,410
1746745292.742458,192.168.0.219:5084,3,-54,b'303435fc8803d056d15b963f',3328,16,234
1746745292.774057,192.168.0.219:5084,4,-50,b'303435fc8803d056d15b963f',2812,16,527
1746745293.009361,192.168.0.219:5084,2,-60,b'303435fc8803d056d15b963f',2008,17,937
1746745292.911659,192.168.0.219:5084,3,-55,b'303435fc8803d056d15b963f',1868,17,273
1746745292.942496,192.168.0.219:5084,4,-52,b'303435fc8803d056d15b963f',2200,17,332
1746745293.174931,192.168.0.219:5084,2,-58,b'303435fc8803d056d15b963f',3524,18,566
1746745293.08427,192.168.0.219:5084,3,-48,b'303435fc8803d056d15b963f',3088,18,78
1746745293.11517,192.168.0.219:5084,4,-51,b'303435fc8803d056d15b963f',2604,18,39
1746745293.230628,192.168.0.219:5084,2,-63,b'303435fc8803d056d15b963f',232,19,-39
1746745293.382006,192.168.0.219:5084,3,-63,b'303435fc8803d056d15b963f',288,19,722
1746745293.292068,192.168.0.219:5084,4,-54,b'303435fc8803d056d15b963f',1444,19,410
1746745293.556167,192.168.0.219:5084,2,-65,b'303435fc8803d056d15b963f',1524,20,449
1746745293.587169,192.168.0.219:5084,3,-59,b'303435fc8803d056d15b963f',552,20,-78
1746745293.496087,192.168.0.219:5084,4,-60,b'303435fc8803d056d15b963f',2524,20,-156
1746745293.639548,192.168.0.219:5084,2,-63,b'303435fc8803d056d15b963f',3500,21,-3066
1746745293.791548,192.168.0.219:5084,3,-54,b'303435fc8803d056d15b963f',8,21,371
1746745293.700908,192.168.0.219:5084,4,-56,b'303435fc8803d056d15b963f',2824,21,234
1746745293.964547,192.168.0.219:5084,1,-61,b'303435fc8803d056d15b963f',3624,22,-15
1746745293.880025,192.168.0.219:5084,3,-68,b'303435fc8803d056d15b963f',1552,22,2695
1746745293.910477,192.168.0.219:5084,4,-61,b'303435fc8803d056d15b963f',1196,22,-410
1746745294.033321,192.168.0.219:5084,1,-61,b'303435fc8803d056d15b963f',204,22,-2
1746745294.076746,192.168.0.219:5084,3,-62,b'303435fc8803d056d15b963f',3132,23,-273
1746745294.107267,192.168.0.219:5084,4,-57,b'303435fc8803d056d15b963f',1896,23,371
1746745294.251137,192.168.0.219:5084,1,-59,b'303435fc8803d056d15b963f',1624,23,-722
1746745294.221957,192.168.0.219:5084,4,-47,b'303435fc8803d056d15b963f',130,23,1471
1746745294.389615,192.168.0.219:5084,1,-62,b'303435fc8803d056d15b963f',190,24,191
1746745294.325747,192.168.0.219:5084,3,-67,b'303435fc8803d056d15b963f',2616,24,527
1746745294.356344,192.168.0.219:5084,4,-58,b'303435fc8803d056d15b963f',2508,24,-410
1746745294.43335,192.168.0.219:5084,1,-67,b'303435fc8803d056d15b963f',3796,24,43
1746745294.484988,192.168.0.219:5084,3,-64,b'303435fc8803d056d15b963f',2436,25,-273
1746745294.51562,192.168.0.219:5084,4,-62,b'303435fc8803d056d15b963f',3148,25,-683
1746745294.656977,192.168.0.219:5084,1,-62,b'303435fc8803d056d15b963f',1088,25,-39
1746745294.747373,192.168.0.219:5084,4,-60,b'303435fc8803d056d15b963f',1100,26,-273
1746745294.915091,192.168.0.219:5084,1,-57,b'303435fc8803d056d15b963f',3988,26,527
1746745294.850833,192.168.0.219:5084,3,-66,b'303435fc8803d056d15b963f',12,27,-24
1746745294.899813,192.168.0.219:5084,4,-69,b'303435fc8803d056d15b963f',3892,27,74
1746745295.063825,192.168.0.219:5084,1,-58,b'303435fc8803d056d15b963f',928,27,117
1746745295.039423,192.168.0.219:5084,4,-51,b'303435fc8803d056d15b963f',3940,27,1343
1746745295.209999,192.168.0.219:5084,1,-59,b'303435fc8803d056d15b963f',2188,28,-722
1746745295.134046,192.168.0.219:5084,2,-70,b'303435fc8803d056d15b963f',384,28,-12
1746745295.179387,192.168.0.219:5084,4,-64,b'303435fc8803d056d15b963f',3292,28,-937
1746745295.242276,192.168.0.219:5084,1,-65,b'303435fc8803d056d15b963f',1016,28,511
1746745295.269054,192.168.0.219:5084,2,-63,b'303435fc8803d056d15b963f',3984,29,895
1746745295.328545,192.168.0.219:5084,4,-53,b'303435fc8803d056d15b963f',3676,29,-39
1746745295.469914,192.168.0.219:5084,1,-52,b'303435fc8803d056d15b963f',2060,30,-156
1746745295.502789,192.168.0.219:5084,2,-65,b'303435fc8803d056d15b963f',978,30,4095
1746745295.532254,192.168.0.219:5084,3,-65,b'303435fc8803d056d15b963f',2192,30,-488
1746745295.439138,192.168.0.219:5084,4,-56,b'303435fc8803d056d15b963f',2196,30,-78
1746745295.674128,192.168.0.219:5084,1,-54,b'303435fc8803d056d15b963f',2160,30,-117
1746745295.764405,192.168.0.219:5084,4,-56,b'303435fc8803d056d15b963f',2208,31,0
1746745295.926602,192.168.0.219:5084,1,-61,b'303435fc8803d056d15b963f',1360,31,644
1746745295.844758,192.168.0.219:5084,2,-72,b'303435fc8803d056d15b963f',3452,31,1
1746745295.89564,192.168.0.219:5084,4,-60,b'303435fc8803d056d15b963f',3612,32,156
1746745296.072664,192.168.0.219:5084,1,-59,b'303435fc8803d056d15b963f',2360,32,0
1746745296.10649,192.168.0.219:5084,2,-64,b'303435fc8803d056d15b963f',328,33,1855
1746745296.030913,192.168.0.219:5084,4,-63,b'303435fc8803d056d15b963f',3488,32,-605
1746745296.266581,192.168.0.219:5084,1,-58,b'303435fc8803d056d15b963f',3628,33,0
1746745296.296628,192.168.0.219:5084,2,-61,b'303435fc8803d056d15b963f',1552,34,839
1746745296.232111,192.168.0.219:5084,4,-64,b'303435fc8803d056d15b963f',452,33,-3967
1746745296.310979,192.168.0.219:5084,1,-57,b'303435fc8803d056d15b963f',1840,34,273
1746745296.341286,192.168.0.219:5084,2,-58,b'303435fc8803d056d15b963f',2560,34,234
1746745296.397803,192.168.0.219:5084,3,-69,b'303435fc8803d056d15b963f',4076,34,30
1746745296.413257,192.168.0.219:5084,4,-57,b'303435fc8803d056d15b963f',3292,34,234
1746745296.427217,192.168.0.219:5084,1,-51,b'303435fc8803d056d15b963f',1504,34,234
1746745296.476458,192.168.0.219:5084,2,-62,b'303435fc8803d056d15b963f',484,34,1599
1746745296.542499,192.168.0.219:5084,4,-66,b'303435fc8803d056d15b963f',3168,35,1660
1746745296.81042,192.168.0.219:5084,1,-52,b'303435fc8803d056d15b963f',1060,35,-839
1746745296.780822,192.168.0.219:5084,4,-64,b'303435fc8803d056d15b963f',3454,36,1343
1746745296.956127,192.168.0.219:5084,1,-51,b'303435fc8803d056d15b963f',3600,36,0
1746745296.855597,192.168.0.219:5084,2,-62,b'303435fc8803d056d15b963f',4072,36,-878
1746745296.925723,192.168.0.219:5084,4,-65,b'303435fc8803d056d15b963f',4080,37,-39
1746745296.97312,192.168.0.219:5084,1,-64,b'303435fc8803d056d15b963f',3566,37,575
1746745297.334946,192.168.0.219:5084,4,-62,b'303435fc8803d056d15b963f',780,37,-959
1746745297.519614,192.168.0.219:5084,1,-63,b'303435fc8803d056d15b963f',3802,39,-1535
1746745297.403277,192.168.0.219:5084,2,-63,b'303435fc8803d056d15b963f',356,39,722
1746745297.5034,192.168.0.219:5084,4,-67,b'303435fc8803d056d15b963f',144,40,-74
1746745297.667448,192.168.0.219:5084,1,-55,b'303435fc8803d056d15b963f',3348,40,78
1746745297.621316,192.168.0.219:5084,3,-72,b'303435fc8803d056d15b963f',156,40,52
1746745297.636605,192.168.0.219:5084,4,-67,b'303435fc8803d056d15b963f',1080,40,-156
1746745297.810782,192.168.0.219:5084,1,-52,b'303435fc8803d056d15b963f',1180,41,-117
1746745297.853051,192.168.0.219:5084,2,-67,b'303435fc8803d056d15b963f',1412,41,1471
1746745297.751073,192.168.0.219:5084,3,-64,b'303435fc8803d056d15b963f',814,41,1407
1746745297.901603,192.168.0.219:5084,1,-56,b'303435fc8803d056d15b963f',3108,41,-56
1746745297.9258,192.168.0.219:5084,2,-65,b'303435fc8803d056d15b963f',2564,42,839
1746745297.956863,192.168.0.219:5084,3,-65,b'303435fc8803d056d15b963f',1752,42,566
1746745298.125506,192.168.0.219:5084,1,-55,b'303435fc8803d056d15b963f',1204,42,-761
1746745298.033233,192.168.0.219:5084,2,-69,b'303435fc8803d056d15b963f',3784,42,25
1746745298.074589,192.168.0.219:5084,3,-69,b'303435fc8803d056d15b963f',3732,42,10
1746745298.262179,192.168.0.219:5084,1,-60,b'303435fc8803d056d15b963f',3524,43,527
1746745298.340071,192.168.0.219:5084,3,-62,b'303435fc8803d056d15b963f',944,43,1289
1746745298.485207,192.168.0.219:5084,1,-61,b'303435fc8803d056d15b963f',2628,44,-1582
1746745298.526083,192.168.0.219:5084,2,-66,b'303435fc8803d056d15b963f',3092,45,195
1746745298.454604,192.168.0.219:5084,4,-67,b'303435fc8803d056d15b963f',3004,44,527
1746745298.66341,192.168.0.219:5084,1,-59,b'303435fc8803d056d15b963f',3804,45,1015
1746745298.570739,192.168.0.219:5084,2,-63,b'303435fc8803d056d15b963f',3956,45,-605
1746745298.604246,192.168.0.219:5084,3,-64,b'303435fc8803d056d15b963f',556,45,383
1746745298.807093,192.168.0.219:5084,1,-61,b'303435fc8803d056d15b963f',276,45,78
1746745298.714586,192.168.0.219:5084,2,-65,b'303435fc8803d056d15b963f',3564,46,449
1746745298.746983,192.168.0.219:5084,3,-65,b'303435fc8803d056d15b963f',3782,46,1471
1746745298.82066,192.168.0.219:5084,1,-67,b'303435fc8803d056d15b963f',4084,46,-195
1746745298.85173,192.168.0.219:5084,2,-58,b'303435fc8803d056d15b963f',3648,46,-273
1746745298.921246,192.168.0.219:5084,3,-61,b'303435fc8803d056d15b963f',524,46,89
1746745299.07131,192.168.0.219:5084,1,-65,b'303435fc8803d056d15b963f',3740,47,-488
1746745299.113312,192.168.0.219:5084,2,-61,b'303435fc8803d056d15b963f',4074,47,-2303
1746745299.010856,192.168.0.219:5084,3,-60,b'303435fc8803d056d15b963f',312,47,410
1746745299.251778,192.168.0.219:5084,1,-65,b'303435fc8803d056d15b963f',3740,48,527
1746745299.28263,192.168.0.219:5084,2,-58,b'303435fc8803d056d15b963f',3912,48,-644
1746745299.191812,192.168.0.219:5084,3,-57,b'303435fc8803d056d15b963f',2156,48,-156
1746745299.315767,192.168.0.219:5084,1,-64,b'303435fc8803d056d15b963f',3788,48,-511
1746745299.342008,192.168.0.219:5084,2,-65,b'303435fc8803d056d15b963f',1868,49,-1367
1746745299.37284,192.168.0.219:5084,3,-62,b'303435fc8803d056d15b963f',1724,49,195
1746745299.386572,192.168.0.219:5084,1,-61,b'303435fc8803d056d15b963f',484,49,-156
1746745299.4175,192.168.0.219:5084,2,-63,b'303435fc8803d056d15b963f',3516,49,937
1746745299.448107,192.168.0.219:5084,3,-63,b'303435fc8803d056d15b963f',3636,49,-273
1746745299.479129,192.168.0.219:5084,4,-59,b'303435fc8803d056d15b963f',2732,49,-195
1746745299.521583,192.168.0.219:5084,1,-62,b'303435fc8803d056d15b963f',832,49,-13
1746745299.573179,192.168.0.219:5084,3,-56,b'303435fc8803d056d15b963f',3580,50,-156
1746745299.603866,192.168.0.219:5084,4,-54,b'303435fc8803d056d15b963f',3800,50,117
1746745299.639045,192.168.0.219:5084,1,-67,b'303435fc8803d056d15b963f',164,50,-28
1746745299.660957,192.168.0.219:5084,2,-64,b'303435fc8803d056d15b963f',992,50,683
1746745299.724673,192.168.0.219:5084,3,-51,b'303435fc8803d056d15b963f',3488,50,81
1746745299.931547,192.168.0.219:5084,2,-61,b'303435fc8803d056d15b963f',3828,1,-761
1746745299.83073,192.168.0.219:5084,3,-54,b'303435fc8803d056d15b963f',3720,1,566
1746745299.861058,192.168.0.219:5084,4,-57,b'303435fc8803d056d15b963f',3416,1,-78
1746745300.121906,192.168.0.219:5084,2,-70,b'303435fc8803d056d15b963f',2688,2,6
1746745300.153863,192.168.0.219:5084,3,-57,b'303435fc8803d056d15b963f',1340,2,273
1746745300.035858,192.168.0.219:5084,4,-53,b'303435fc8803d056d15b963f',2440,2,-39
1746745300.385414,192.168.0.219:5084,3,-66,b'303435fc8803d056d15b963f',716,3,-51
1746745300.405391,192.168.0.219:5084,4,-53,b'303435fc8803d056d15b963f',1444,3,761
1746745300.477499,192.168.0.219:5084,2,-69,b'303435fc8803d056d15b963f',984,4,-20
1746745300.491278,192.168.0.219:5084,3,-61,b'303435fc8803d056d15b963f',888,4,761
1746745300.540004,192.168.0.219:5084,4,-51,b'303435fc8803d056d15b963f',188,4,1663
1746745300.756803,192.168.0.219:5084,2,-65,b'303435fc8803d056d15b963f',3656,5,-31
1746745300.618997,192.168.0.219:5084,3,-62,b'303435fc8803d056d15b963f',148,5,0
1746745300.649553,192.168.0.219:5084,4,-54,b'303435fc8803d056d15b963f',2128,5,0
1746745300.930413,192.168.0.219:5084,1,-64,b'303435fc8803d056d15b963f',4080,6,53
1746745300.813367,192.168.0.219:5084,2,-64,b'303435fc8803d056d15b963f',3032,6,-234
1746745300.873982,192.168.0.219:5084,4,-50,b'303435fc8803d056d15b963f',1284,6,234
1746745301.223234,192.168.0.219:5084,1,-62,b'303435fc8803d056d15b963f',3656,7,1343
1746745301.183153,192.168.0.219:5084,4,-52,b'303435fc8803d056d15b963f',2880,7,-39
1746745301.251846,192.168.0.219:5084,1,-66,b'303435fc8803d056d15b963f',3852,8,2111
1746745301.482993,192.168.0.219:5084,4,-52,b'303435fc8803d056d15b963f',3568,8,-117
1746745301.747074,192.168.0.219:5084,1,-53,b'303435fc8803d056d15b963f',3300,10,195
1746745301.716627,192.168.0.219:5084,4,-60,b'303435fc8803d056d15b963f',3488,10,878
1746745301.888402,192.168.0.219:5084,1,-52,b'303435fc8803d056d15b963f',2736,11,39
1746745301.949205,192.168.0.219:5084,3,-62,b'303435fc8803d056d15b963f',2604,11,-683
1746745301.85787,192.168.0.219:5084,4,-61,b'303435fc8803d056d15b963f',2260,11,-644
1746745302.094299,192.168.0.219:5084,1,-51,b'303435fc8803d056d15b963f',1516,11,2285
1746745302.064596,192.168.0.219:5084,4,-62,b'303435fc8803d056d15b963f',894,12,-703
1746745302.23549,192.168.0.219:5084,1,-56,b'303435fc8803d056d15b963f',1104,12,371
1746745302.322804,192.168.0.219:5084,3,-68,b'303435fc8803d056d15b963f',120,13,43
1746745302.204543,192.168.0.219:5084,4,-53,b'303435fc8803d056d15b963f',92,13,371
1746745302.346669,192.168.0.219:5084,1,-64,b'303435fc8803d056d15b963f',2568,13,-117
1746745302.50679,192.168.0.219:5084,2,-62,b'303435fc8803d056d15b963f',952,14,273
1746745302.446527,192.168.0.219:5084,4,-57,b'303435fc8803d056d15b963f',1764,14,605
1746745302.551524,192.168.0.219:5084,1,-68,b'303435fc8803d056d15b963f',132,14,46
1746745302.60063,192.168.0.219:5084,2,-58,b'303435fc8803d056d15b963f',172,14,21
1746745302.620553,192.168.0.219:5084,3,-66,b'303435fc8803d056d15b963f',1960,15,644
1746745302.767366,192.168.0.219:5084,1,-61,b'303435fc8803d056d15b963f',2000,15,117
1746745302.670298,192.168.0.219:5084,2,-59,b'303435fc8803d056d15b963f',1184,15,0
1746745302.736335,192.168.0.219:5084,4,-64,b'303435fc8803d056d15b963f',3448,15,-644
1746745302.791114,192.168.0.219:5084,1,-55,b'303435fc8803d056d15b963f',88,15,1023
1746745302.841338,192.168.0.219:5084,2,-69,b'303435fc8803d056d15b963f',3696,16,34
1746745302.894925,192.168.0.219:5084,4,-61,b'303435fc8803d056d15b963f',1048,16,156
1746745303.050792,192.168.0.219:5084,1,-54,b'303435fc8803d056d15b963f',668,16,156
1746745302.968522,192.168.0.219:5084,2,-69,b'303435fc8803d056d15b963f',3688,16,13
1746745303.0205,192.168.0.219:5084,4,-64,b'303435fc8803d056d15b963f',712,17,195
1746745303.199145,192.168.0.219:5084,1,-53,b'303435fc8803d056d15b963f',3016,17,0
1746745303.105511,192.168.0.219:5084,2,-66,b'303435fc8803d056d15b963f',1536,17,959
1746745303.16186,192.168.0.219:5084,4,-58,b'303435fc8803d056d15b963f',2016,17,195
1746745303.343523,192.168.0.219:5084,1,-56,b'303435fc8803d056d15b963f',724,18,-156
1746745303.254883,192.168.0.219:5084,2,-66,b'303435fc8803d056d15b963f',3620,18,2623
1746745303.312194,192.168.0.219:5084,4,-58,b'303435fc8803d056d15b963f',3444,18,-488
1746745303.357652,192.168.0.219:5084,1,-56,b'303435fc8803d056d15b963f',1276,18,-78
1746745303.407175,192.168.0.219:5084,2,-57,b'303435fc8803d056d15b963f',3988,18,3135
1746745303.496141,192.168.0.219:5084,4,-70,b'303435fc8803d056d15b963f',4064,19,-81
1746745303.668924,192.168.0.219:5084,1,-52,b'303435fc8803d056d15b963f',3328,19,195
1746745303.555491,192.168.0.219:5084,2,-64,b'303435fc8803d056d15b963f',3988,19,3903
1746745303.655537,192.168.0.219:5084,4,-70,b'303435fc8803d056d15b963f',3044,20,-2
1746745303.811128,192.168.0.219:5084,1,-54,b'303435fc8803d056d15b963f',832,20,234
1746745303.92773,192.168.0.219:5084,4,-64,b'303435fc8803d056d15b963f',252,20,-12
1746745303.953766,192.168.0.219:5084,1,-56,b'303435fc8803d056d15b963f',3012,21,-117
1746745304.02476,192.168.0.219:5084,2,-68,b'303435fc8803d056d15b963f',3768,21,9
1746745304.070063,192.168.0.219:5084,4,-64,b'303435fc8803d056d15b963f',3428,22,78
1746745304.217711,192.168.0.219:5084,1,-59,b'303435fc8803d056d15b963f',484,22,-234
1746745304.285851,192.168.0.219:5084,3,-69,b'303435fc8803d056d15b963f',3492,23,1599
1746745304.186573,192.168.0.219:5084,4,-67,b'303435fc8803d056d15b963f',2340,22,-566
1746745304.455797,192.168.0.219:5084,1,-59,b'303435fc8803d056d15b963f',900,23,-273
1746745304.440393,192.168.0.219:5084,4,-67,b'303435fc8803d056d15b963f',956,23,-10
1746745304.606324,192.168.0.219:5084,1,-54,b'303435fc8803d056d15b963f',1672,24,-117
1746745304.554161,192.168.0.219:5084,3,-70,b'303435fc8803d056d15b963f',3476,24,93
1746745304.57726,192.168.0.219:5084,4,-64,b'303435fc8803d056d15b963f',1182,24,2047
1746745304.639085,192.168.0.219:5084,1,-57,b'303435fc8803d056d15b963f',2976,24,-5247
1746745304.695124,192.168.0.219:5084,3,-60,b'303435fc8803d056d15b963f',3508,25,117
1746745304.725647,192.168.0.219:5084,4,-62,b'303435fc8803d056d15b963f',248,25,-410
1746745304.739821,192.168.0.219:5084,1,-63,b'303435fc8803d056d15b963f',3488,25,1660
1746745304.770406,192.168.0.219:5084,2,-58,b'303435fc8803d056d15b963f',3796,25,-332
1746745304.801539,192.168.0.219:5084,3,-57,b'303435fc8803d056d15b963f',2964,25,39
1746745304.838605,192.168.0.219:5084,4,-57,b'303435fc8803d056d15b963f',2056,26,39
1746745304.855598,192.168.0.219:5084,1,-63,b'303435fc8803d056d15b963f',3476,26,1023
1746745304.885343,192.168.0.219:5084,2,-56,b'303435fc8803d056d15b963f',3936,26,39
1746745304.916202,192.168.0.219:5084,3,-60,b'303435fc8803d056d15b963f',748,26,78
1746745304.946719,192.168.0.219:5084,4,-59,b'303435fc8803d056d15b963f',3744,26,156
1746745304.960886,192.168.0.219:5084,1,-59,b'303435fc8803d056d15b963f',4076,26,566
1746745304.991484,192.168.0.219:5084,2,-58,b'303435fc8803d056d15b963f',696,26,-39
1746745305.052403,192.168.0.219:5084,3,-65,b'303435fc8803d056d15b963f',276,26,31
1746745305.213001,192.168.0.219:5084,1,-62,b'303435fc8803d056d15b963f',2816,27,78
1746745305.158638,192.168.0.219:5084,3,-66,b'303435fc8803d056d15b963f',1304,27,-447
1746745305.182583,192.168.0.219:5084,4,-61,b'303435fc8803d056d15b963f',3788,27,-332
1746745305.256893,192.168.0.219:5084,1,-61,b'303435fc8803d056d15b963f',3088,27,-18
1746745305.278707,192.168.0.219:5084,2,-58,b'303435fc8803d056d15b963f',200,28,0
1746745305.309416,192.168.0.219:5084,3,-57,b'303435fc8803d056d15b963f',3768,28,-39
1746745305.486566,192.168.0.219:5084,1,-61,b'303435fc8803d056d15b963f',3734,28,-1151
1746745305.397444,192.168.0.219:5084,3,-57,b'303435fc8803d056d15b963f',1460,28,273
1746745305.46744,192.168.0.219:5084,4,-64,b'303435fc8803d056d15b963f',1252,29,17
1746745305.638303,192.168.0.219:5084,1,-58,b'303435fc8803d056d15b963f',3236,29,-383
1746745305.585418,192.168.0.219:5084,3,-67,b'303435fc8803d056d15b963f',3836,29,86
1746745305.605255,192.168.0.219:5084,4,-59,b'303435fc8803d056d15b963f',12,29,117
1746745305.791226,192.168.0.219:5084,1,-62,b'303435fc8803d056d15b963f',1200,30,195
1746745305.729882,192.168.0.219:5084,3,-53,b'303435fc8803d056d15b963f',344,30,410
1746745305.76073,192.168.0.219:5084,4,-52,b'303435fc8803d056d15b963f',4044,30,117
1746745305.998057,192.168.0.219:5084,2,-63,b'303435fc8803d056d15b963f',840,31,-47
1746745305.879686,192.168.0.219:5084,3,-62,b'303435fc8803d056d15b963f',2348,31,-195
1746745305.909866,192.168.0.219:5084,4,-54,b'303435fc8803d056d15b963f',1200,31,39
1746745306.153051,192.168.0.219:5084,1,-63,b'303435fc8803d056d15b963f',2680,32,-2187
1746745306.184505,192.168.0.219:5084,2,-59,b'303435fc8803d056d15b963f',3380,32,234
1746745306.092251,192.168.0.219:5084,3,-51,b'303435fc8803d056d15b963f',1812,32,234
1746745306.122797,192.168.0.219:5084,4,-51,b'303435fc8803d056d15b963f',2976,32,78
1746745306.200898,192.168.0.219:5084,1,-62,b'303435fc8803d056d15b963f',318,32,2111
1746745306.23035,192.168.0.219:5084,2,-61,b'303435fc8803d056d15b963f',2764,32,117
1746745306.270901,192.168.0.219:5084,3,-55,b'303435fc8803d056d15b963f',4084,33,273
1746745306.301023,192.168.0.219:5084,4,-48,b'303435fc8803d056d15b963f',860,33,234
1746745306.474824,192.168.0.219:5084,2,-56,b'303435fc8803d056d15b963f',2976,33,39
1746745306.375286,192.168.0.219:5084,3,-53,b'303435fc8803d056d15b963f',452,33,-78
1746745306.40614,192.168.0.219:5084,4,-49,b'303435fc8803d056d15b963f',2072,33,117
1746745306.610883,192.168.0.219:5084,1,-61,b'303435fc8803d056d15b963f',452,34,-273
1746745306.518692,192.168.0.219:5084,2,-57,b'303435fc8803d056d15b963f',3036,34,0
1746745306.549489,192.168.0.219:5084,3,-62,b'303435fc8803d056d15b963f',1940,34,-39
1746745306.580244,192.168.0.219:5084,4,-61,b'303435fc8803d056d15b963f',2644,34,-39
1746745306.662854,192.168.0.219:5084,1,-62,b'303435fc8803d056d15b963f',352,34,-56
1746745306.676116,192.168.0.219:5084,2,-59,b'303435fc8803d056d15b963f',240,35,527
1746745306.707059,192.168.0.219:5084,3,-62,b'303435fc8803d056d15b963f',2516,35,-332
1746745306.724346,192.168.0.219:5084,1,-62,b'303435fc8803d056d15b963f',1114,35,-127
1746745306.755081,192.168.0.219:5084,2,-60,b'303435fc8803d056d15b963f',3880,35,-273
1746745306.786347,192.168.0.219:5084,3,-53,b'303435fc8803d056d15b963f',3604,35,371
1746745306.817243,192.168.0.219:5084,4,-50,b'303435fc8803d056d15b963f',2628,35,234
1746745307.006971,192.168.0.219:5084,2,-61,b'303435fc8803d056d15b963f',168,36,566
1746745306.915602,192.168.0.219:5084,3,-55,b'303435fc8803d056d15b963f',276,36,39
1746745306.946453,192.168.0.219:5084,4,-50,b'303435fc8803d056d15b963f',372,36,566
1746745307.152494,192.168.0.219:5084,1,-62,b'303435fc8803d056d15b963f',3600,36,-127
1746745307.087672,192.168.0.219:5084,3,-60,b'303435fc8803d056d15b963f',1436,37,605
1746745307.11881,192.168.0.219:5084,4,-47,b'303435fc8803d056d15b963f',40,37,117
1746745307.170777,192.168.0.219:5084,1,-62,b'303435fc8803d056d15b963f',3720,37,1663
1746745307.276099,192.168.0.219:5084,3,-58,b'303435fc8803d056d15b963f',2960,37,-25
1746745307.289507,192.168.0.219:5084,4,-57,b'303435fc8803d056d15b963f',1416,38,449
1746745307.303949,192.168.0.219:5084,1,-54,b'303435fc8803d056d15b963f',804,38,-78
1746745307.344913,192.168.0.219:5084,2,-65,b'303435fc8803d056d15b963f',3860,38,-831
1746745307.369625,192.168.0.219:5084,3,-54,b'303435fc8803d056d15b963f',3712,38,332
1746745307.400133,192.168.0.219:5084,4,-48,b'303435fc8803d056d15b963f',2164,38,0
1746745307.414209,192.168.0.219:5084,1,-57,b'303435fc8803d056d15b963f',3820,38,-273
1746745307.612737,192.168.0.219:5084,3,-57,b'303435fc8803d056d15b963f',2176,39,117
1746745307.522559,192.168.0.219:5084,4,-48,b'303435fc8803d056d15b963f',468,39,117
1746745307.755735,192.168.0.219:5084,1,-60,b'303435fc8803d056d15b963f',2012,39,449
1746745307.694363,192.168.0.219:5084,3,-65,b'303435fc8803d056d15b963f',3876,40,78
1746745307.725109,192.168.0.219:5084,4,-61,b'303435fc8803d056d15b963f',164,40,78
1746745307.77019,192.168.0.219:5084,1,-59,b'303435fc8803d056d15b963f',2276,40,-800
1746745307.83052,192.168.0.219:5084,3,-63,b'303435fc8803d056d15b963f',44,40,410
1746745307.880415,192.168.0.219:5084,4,-49,b'303435fc8803d056d15b963f',64,40,2943
1746745308.017526,192.168.0.219:5084,1,-59,b'303435fc8803d056d15b963f',1572,41,644
1746745308.107822,192.168.0.219:5084,4,-45,b'303435fc8803d056d15b963f',1168,41,878
1746745308.242292,192.168.0.219:5084,1,-61,b'303435fc8803d056d15b963f',580,42,195
1746745308.340102,192.168.0.219:5084,4,-47,b'303435fc8803d056d15b963f',3804,42,117
1746745308.485393,192.168.0.219:5084,1,-60,b'303435fc8803d056d15b963f',304,43,117
1746745308.577018,192.168.0.219:5084,4,-50,b'303435fc8803d056d15b963f',1872,43,-39
1746745308.723304,192.168.0.219:5084,1,-53,b'303435fc8803d056d15b963f',172,44,839
1746745308.815227,192.168.0.219:5084,4,-54,b'303435fc8803d056d15b963f',356,45,332
1746745309.077903,192.168.0.219:5084,1,-59,b'303435fc8803d056d15b963f',1668,46,332
1746745309.046557,192.168.0.219:5084,4,-54,b'303435fc8803d056d15b963f',2668,46,-117
1746745309.259458,192.168.0.219:5084,1,-60,b'303435fc8803d056d15b963f',4068,47,81
1746745309.155112,192.168.0.219:5084,2,-68,b'303435fc8803d056d15b963f',3756,47,59
1746745309.20054,192.168.0.219:5084,4,-58,b'303435fc8803d056d15b963f',3564,47,156
1746745309.317321,192.168.0.219:5084,1,-67,b'303435fc8803d056d15b963f',456,47,52
1746745309.345531,192.168.0.219:5084,2,-68,b'303435fc8803d056d15b963f',0,48,3135
1746745309.403159,192.168.0.219:5084,4,-57,b'303435fc8803d056d15b963f',1416,48,332
1746745309.582293,192.168.0.219:5084,1,-62,b'303435fc8803d056d15b963f',600,48,53
1746745309.447819,192.168.0.219:5084,2,-62,b'303435fc8803d056d15b963f',1260,48,449
1746745309.527061,192.168.0.219:5084,4,-67,b'303435fc8803d056d15b963f',1152,49,-2175
1746745309.740162,192.168.0.219:5084,1,-55,b'303435fc8803d056d15b963f',3120,49,234
1746745309.646229,192.168.0.219:5084,2,-65,b'303435fc8803d056d15b963f',3356,49,639
1746745309.709884,192.168.0.219:5084,4,-59,b'303435fc8803d056d15b963f',2776,50,39
1746745309.876341,192.168.0.219:5084,1,-58,b'303435fc8803d056d15b963f',3968,50,-195
1746745309.78478,192.168.0.219:5084,2,-63,b'303435fc8803d056d15b963f',3836,50,78
1746745309.845234,192.168.0.219:5084,4,-57,b'303435fc8803d056d15b963f',2484,50,234
1746745309.926341,192.168.0.219:5084,1,-60,b'303435fc8803d056d15b963f',3588,50,43
1746745309.939669,192.168.0.219:5084,2,-63,b'303435fc8803d056d15b963f',1848,1,1855
1746745310.000233,192.168.0.219:5084,4,-61,b'303435fc8803d056d15b963f',2612,1,-195
1746745310.014162,192.168.0.219:5084,1,-60,b'303435fc8803d056d15b963f',2124,1,644
1746745310.048216,192.168.0.219:5084,2,-62,b'303435fc8803d056d15b963f',3616,1,1983
1746745310.118229,192.168.0.219:5084,4,-56,b'303435fc8803d056d15b963f',3328,1,-319
1746745310.255177,192.168.0.219:5084,1,-54,b'303435fc8803d056d15b963f',2860,2,0
1746745310.354711,192.168.0.219:5084,4,-60,b'303435fc8803d056d15b963f',1004,2,1894
1746745310.525701,192.168.0.219:5084,1,-52,b'303435fc8803d056d15b963f',3720,3,-28
1746745310.539512,192.168.0.219:5084,2,-64,b'303435fc8803d056d15b963f',2732,4,-117
1746745310.674758,192.168.0.219:5084,1,-54,b'303435fc8803d056d15b963f',3588,4,156
1746745310.583344,192.168.0.219:5084,2,-61,b'303435fc8803d056d15b963f',3688,4,-410
1746745310.614589,192.168.0.219:5084,3,-61,b'303435fc8803d056d15b963f',3840,4,39
1746745310.727125,192.168.0.219:5084,1,-58,b'303435fc8803d056d15b963f',796,4,-34
1746745310.740558,192.168.0.219:5084,2,-60,b'303435fc8803d056d15b963f',3960,5,-878
1746745310.77106,192.168.0.219:5084,3,-61,b'303435fc8803d056d15b963f',2624,5,39
1746745310.923569,192.168.0.219:5084,1,-59,b'303435fc8803d056d15b963f',512,5,-2111
1746745310.948073,192.168.0.219:5084,2,-62,b'303435fc8803d056d15b963f',3184,5,-273
1746745311.120697,192.168.0.219:5084,1,-56,b'303435fc8803d056d15b963f',3040,6,-30
1746745311.062673,192.168.0.219:5084,4,-67,b'303435fc8803d056d15b963f',968,6,767
1746745311.278235,192.168.0.219:5084,1,-58,b'303435fc8803d056d15b963f',272,7,-273
1746745311.177411,192.168.0.219:5084,2,-65,b'303435fc8803d056d15b963f',3612,7,234
1746745311.26489,192.168.0.219:5084,4,-70,b'303435fc8803d056d15b963f',824,7,-7
1746745311.328458,192.168.0.219:5084,1,-60,b'303435fc8803d056d15b963f',3580,7,-57
1746745311.341995,192.168.0.219:5084,2,-57,b'303435fc8803d056d15b963f',1868,8,273
1746745311.372247,192.168.0.219:5084,3,-66,b'303435fc8803d056d15b963f',768,8,-195
1746745311.385981,192.168.0.219:5084,1,-62,b'303435fc8803d056d15b963f',1860,8,1015
1746745311.416918,192.168.0.219:5084,2,-59,b'303435fc8803d056d15b963f',164,8,488
1746745311.447319,192.168.0.219:5084,3,-61,b'303435fc8803d056d15b963f',2852,8,683
1746745311.477645,192.168.0.219:5084,4,-66,b'303435fc8803d056d15b963f',1492,8,371
1746745311.529554,192.168.0.219:5084,1,-61,b'303435fc8803d056d15b963f',328,8,-100
1746745311.564037,192.168.0.219:5084,2,-69,b'303435fc8803d056d15b963f',520,9,51
1746745311.585878,192.168.0.219:5084,3,-65,b'303435fc8803d056d15b963f',404,9,-332
1746745311.60005,192.168.0.219:5084,1,-56,b'303435fc8803d056d15b963f',2216,9,-39
1746745311.759106,192.168.0.219:5084,2,-58,b'303435fc8803d056d15b963f',3224,9,722
1746745311.661359,192.168.0.219:5084,3,-66,b'303435fc8803d056d15b963f',3600,9,566
1746745311.77357,192.168.0.219:5084,1,-66,b'303435fc8803d056d15b963f',844,10,-1289
1746745311.804122,192.168.0.219:5084,2,-60,b'303435fc8803d056d15b963f',3156,10,-1210
1746745311.834357,192.168.0.219:5084,3,-56,b'303435fc8803d056d15b963f',2452,10,234
1746745311.874834,192.168.0.219:5084,4,-66,b'303435fc8803d056d15b963f',3868,10,1279
1746745311.934623,192.168.0.219:5084,1,-55,b'303435fc8803d056d15b963f',1272,10,-20
1746745311.948298,192.168.0.219:5084,2,-53,b'303435fc8803d056d15b963f',2352,11,332
1746745311.979543,192.168.0.219:5084,3,-54,b'303435fc8803d056d15b963f',1400,11,39
1746745312.115758,192.168.0.219:5084,1,-61,b'303435fc8803d056d15b963f',3548,11,-839
1746745312.024285,192.168.0.219:5084,2,-52,b'303435fc8803d056d15b963f',2860,11,156
1746745312.055015,192.168.0.219:5084,3,-55,b'303435fc8803d056d15b963f',2580,11,195
1746745312.253288,192.168.0.219:5084,1,-64,b'303435fc8803d056d15b963f',3892,12,2367
1746745312.160228,192.168.0.219:5084,2,-64,b'303435fc8803d056d15b963f',2012,12,78
1746745312.190143,192.168.0.219:5084,3,-63,b'303435fc8803d056d15b963f',2952,12,-449
1746745312.397365,192.168.0.219:5084,1,-60,b'303435fc8803d056d15b963f',3620,13,-117
1746745312.439526,192.168.0.219:5084,2,-63,b'303435fc8803d056d15b963f',3628,12,639
1746745312.338767,192.168.0.219:5084,3,-64,b'303435fc8803d056d15b963f',3350,13,1407
1746745312.456093,192.168.0.219:5084,1,-62,b'303435fc8803d056d15b963f',2688,13,-1250
1746745312.486672,192.168.0.219:5084,2,-65,b'303435fc8803d056d15b963f',1616,13,-78
1746745312.537762,192.168.0.219:5084,3,-62,b'303435fc8803d056d15b963f',128,13,4543
1746745312.581998,192.168.0.219:5084,1,-64,b'303435fc8803d056d15b963f',68,14,-68
1746745312.621065,192.168.0.219:5084,2,-64,b'303435fc8803d056d15b963f',312,14,-39
1746745312.636736,192.168.0.219:5084,3,-58,b'303435fc8803d056d15b963f',3956,14,-39
1746745312.666881,192.168.0.219:5084,4,-59,b'303435fc8803d056d15b963f',216,14,-761
1746745312.681048,192.168.0.219:5084,1,-62,b'303435fc8803d056d15b963f',2852,14,-195
1746745312.714694,192.168.0.219:5084,2,-63,b'303435fc8803d056d15b963f',304,14,447
1746745312.752193,192.168.0.219:5084,3,-54,b'303435fc8803d056d15b963f',952,15,800
1746745312.782988,192.168.0.219:5084,4,-63,b'303435fc8803d056d15b963f',2452,15,-39
1746745312.918486,192.168.0.219:5084,1,-63,b'303435fc8803d056d15b963f',2464,15,1171
1746745312.857351,192.168.0.219:5084,3,-52,b'303435fc8803d056d15b963f',2948,15,332
1746745312.88761,192.168.0.219:5084,4,-60,b'303435fc8803d056d15b963f',4076,15,-78
1746745312.941129,192.168.0.219:5084,1,-64,b'303435fc8803d056d15b963f',2440,15,937
1746745313.001153,192.168.0.219:5084,3,-60,b'303435fc8803d056d15b963f',144,16,117
1746745313.03227,192.168.0.219:5084,4,-62,b'303435fc8803d056d15b963f',876,16,-273
1746745313.046235,192.168.0.219:5084,1,-63,b'303435fc8803d056d15b963f',2928,16,-78
1746745313.233288,192.168.0.219:5084,3,-58,b'303435fc8803d056d15b963f',3580,16,-195
1746745313.14338,192.168.0.219:5084,4,-58,b'303435fc8803d056d15b963f',4,17,234
1746745313.434258,192.168.0.219:5084,3,-58,b'303435fc8803d056d15b963f',1736,17,937
1746745313.464754,192.168.0.219:5084,4,-50,b'303435fc8803d056d15b963f',820,18,332
1746745313.665385,192.168.0.219:5084,2,-65,b'303435fc8803d056d15b963f',3824,18,-47
1746745313.547117,192.168.0.219:5084,3,-53,b'303435fc8803d056d15b963f',1556,19,-39
1746745313.577298,192.168.0.219:5084,4,-54,b'303435fc8803d056d15b963f',916,19,722
1746745313.835388,192.168.0.219:5084,1,-67,b'303435fc8803d056d15b963f',2888,20,46
1746745313.857966,192.168.0.219:5084,2,-62,b'303435fc8803d056d15b963f',872,20,639
1746745313.750104,192.168.0.219:5084,3,-53,b'303435fc8803d056d15b963f',1396,20,39
1746745313.7806,192.168.0.219:5084,4,-52,b'303435fc8803d056d15b963f',64,20,156
1746745313.874126,192.168.0.219:5084,1,-66,b'303435fc8803d056d15b963f',2236,20,234
1746745313.905643,192.168.0.219:5084,2,-64,b'303435fc8803d056d15b963f',316,20,1582
1746745313.954667,192.168.0.219:5084,3,-57,b'303435fc8803d056d15b963f',104,20,-1663
1746745314.108315,192.168.0.219:5084,1,-63,b'303435fc8803d056d15b963f',3144,21,1919
1746745314.037481,192.168.0.219:5084,3,-59,b'303435fc8803d056d15b963f',2952,21,117
1746745314.068438,192.168.0.219:5084,4,-56,b'303435fc8803d056d15b963f',2308,21,234
1746745314.267818,192.168.0.219:5084,1,-66,b'303435fc8803d056d15b963f',3816,22,1919
1746745314.296908,192.168.0.219:5084,2,-64,b'303435fc8803d056d15b963f',300,22,6142
1746745314.362988,192.168.0.219:5084,4,-57,b'303435fc8803d056d15b963f',3948,22,605
1746745314.632848,192.168.0.219:5084,1,-58,b'303435fc8803d056d15b963f',3200,23,566
1746745314.601723,192.168.0.219:5084,4,-49,b'303435fc8803d056d15b963f',232,23,-195
1746745314.78773,192.168.0.219:5084,1,-57,b'303435fc8803d056d15b963f',3696,24,449
1746745314.883255,192.168.0.219:5084,4,-66,b'303435fc8803d056d15b963f',708,25,976
1746745315.034675,192.168.0.219:5084,1,-59,b'303435fc8803d056d15b963f',3692,25,117
1746745315.12531,192.168.0.219:5084,4,-60,b'303435fc8803d056d15b963f',1192,26,-1972
1746745315.142203,192.168.0.219:5084,1,-64,b'303435fc8803d056d15b963f',1152,26,1983
1746745315.207821,192.168.0.219:5084,2,-65,b'303435fc8803d056d15b963f',44,27,42
1746745315.248206,192.168.0.219:5084,3,-67,b'303435fc8803d056d15b963f',2888,27,46
1746745315.261841,192.168.0.219:5084,4,-56,b'303435fc8803d056d15b963f',1428,27,410
1746745315.40339,192.168.0.219:5084,1,-53,b'303435fc8803d056d15b963f',3080,27,234
1746745315.493443,192.168.0.219:5084,4,-51,b'303435fc8803d056d15b963f',1072,28,800
1746745315.635165,192.168.0.219:5084,1,-61,b'303435fc8803d056d15b963f',2864,28,1171
1746745315.537879,192.168.0.219:5084,2,-64,b'303435fc8803d056d15b963f',3232,28,761
1746745315.604867,192.168.0.219:5084,4,-55,b'303435fc8803d056d15b963f',3164,29,-273
1746745315.783014,192.168.0.219:5084,1,-57,b'303435fc8803d056d15b963f',2760,29,-78
1746745315.689071,192.168.0.219:5084,2,-64,b'303435fc8803d056d15b963f',3656,29,1343
1746745315.745587,192.168.0.219:5084,4,-55,b'303435fc8803d056d15b963f',556,29,195
1746745315.917697,192.168.0.219:5084,1,-55,b'303435fc8803d056d15b963f',3808,30,488
1746745316.015076,192.168.0.219:5084,4,-57,b'303435fc8803d056d15b963f',2512,30,117
1746745316.15044,192.168.0.219:5084,1,-56,b'303435fc8803d056d15b963f',1556,31,78
1746745316.060078,192.168.0.219:5084,2,-64,b'303435fc8803d056d15b963f',3244,31,-839
1746745316.119914,192.168.0.219:5084,4,-66,b'303435fc8803d056d15b963f',348,31,1132
1746745316.200892,192.168.0.219:5084,1,-56,b'303435fc8803d056d15b963f',3376,31,73
1746745316.214106,192.168.0.219:5084,2,-63,b'303435fc8803d056d15b963f',2304,32,976
1746745316.298159,192.168.0.219:5084,4,-63,b'303435fc8803d056d15b963f',3316,32,-72
1746745316.337562,192.168.0.219:5084,1,-65,b'303435fc8803d056d15b963f',360,32,831
1746745316.405424,192.168.0.219:5084,2,-62,b'303435fc8803d056d15b963f',3988,32,28
1746745316.458078,192.168.0.219:5084,4,-63,b'303435fc8803d056d15b963f',516,33,447
1746745316.600316,192.168.0.219:5084,1,-54,b'303435fc8803d056d15b963f',68,33,195
1746745316.639364,192.168.0.219:5084,2,-66,b'303435fc8803d056d15b963f',3036,34,1599
1746745316.697143,192.168.0.219:5084,4,-66,b'303435fc8803d056d15b963f',1660,34,332
1746745316.837605,192.168.0.219:5084,1,-55,b'303435fc8803d056d15b963f',1224,34,761
1746745316.894149,192.168.0.219:5084,2,-69,b'303435fc8803d056d15b963f',1552,35,7
1746745316.939817,192.168.0.219:5084,4,-65,b'303435fc8803d056d15b963f',1692,35,410
1746745316.954624,192.168.0.219:5084,1,-53,b'303435fc8803d056d15b963f',1672,35,0
1746745317.022956,192.168.0.219:5084,2,-63,b'303435fc8803d056d15b963f',4064,35,24
1746745317.099574,192.168.0.219:5084,4,-69,b'303435fc8803d056d15b963f',3272,36,-14
1746745317.123786,192.168.0.219:5084,1,-58,b'303435fc8803d056d15b963f',1864,36,-195
1746745317.468839,192.168.0.219:5084,4,-59,b'303435fc8803d056d15b963f',3168,37,156
1746745317.612855,192.168.0.219:5084,1,-55,b'303435fc8803d056d15b963f',3356,39,447
1746745317.639924,192.168.0.219:5084,2,-62,b'303435fc8803d056d15b963f',992,39,117
1746745317.69828,192.168.0.219:5084,3,-66,b'303435fc8803d056d15b963f',632,39,46
1746745317.57124,192.168.0.219:5084,4,-62,b'303435fc8803d056d15b963f',2060,38,-273
1746745317.8606,192.168.0.219:5084,1,-54,b'303435fc8803d056d15b963f',896,39,-234
1746745317.762575,192.168.0.219:5084,2,-65,b'303435fc8803d056d15b963f',1204,39,4223
1746745317.788897,192.168.0.219:5084,3,-60,b'303435fc8803d056d15b963f',2500,39,195
1746745318.032732,192.168.0.219:5084,1,-52,b'303435fc8803d056d15b963f',3748,40,-37
1746745317.904788,192.168.0.219:5084,2,-60,b'303435fc8803d056d15b963f',888,40,1582
1746745318.056612,192.168.0.219:5084,1,-52,b'303435fc8803d056d15b963f',1036,41,-39
1746745318.087199,192.168.0.219:5084,2,-56,b'303435fc8803d056d15b963f',2748,41,-332
1746745318.11783,192.168.0.219:5084,3,-60,b'303435fc8803d056d15b963f',2220,41,-722
1746745318.17626,192.168.0.219:5084,4,-67,b'303435fc8803d056d15b963f',3432,41,9
1746745318.235903,192.168.0.219:5084,1,-59,b'303435fc8803d056d15b963f',12,41,-35
1746745318.251303,192.168.0.219:5084,2,-58,b'303435fc8803d056d15b963f',1524,42,-1289
1746745318.282268,192.168.0.219:5084,3,-59,b'303435fc8803d056d15b963f',972,42,39
1746745318.419068,192.168.0.219:5084,1,-59,b'303435fc8803d056d15b963f',260,42,-78
1746745318.33,192.168.0.219:5084,2,-62,b'303435fc8803d056d15b963f',3448,42,1599
1746745318.35877,192.168.0.219:5084,3,-60,b'303435fc8803d056d15b963f',1144,42,976
1746745318.556922,192.168.0.219:5084,1,-60,b'303435fc8803d056d15b963f',892,43,156
1746745318.46403,192.168.0.219:5084,2,-65,b'303435fc8803d056d15b963f',1148,43,410
1746745318.497317,192.168.0.219:5084,3,-66,b'303435fc8803d056d15b963f',246,43,-575
1746745318.571162,192.168.0.219:5084,1,-60,b'303435fc8803d056d15b963f',420,43,156
1746745318.601258,192.168.0.219:5084,2,-61,b'303435fc8803d056d15b963f',404,43,-156
1746745318.638694,192.168.0.219:5084,3,-64,b'303435fc8803d056d15b963f',1756,44,488
1746745318.697295,192.168.0.219:5084,4,-69,b'303435fc8803d056d15b963f',188,44,25
1746745318.721616,192.168.0.219:5084,1,-64,b'303435fc8803d056d15b963f',892,44,-449
1746745318.752331,192.168.0.219:5084,2,-62,b'303435fc8803d056d15b963f',100,44,156
1746745318.782677,192.168.0.219:5084,3,-67,b'303435fc8803d056d15b963f',1528,44,722
1746745318.8134,192.168.0.219:5084,4,-63,b'303435fc8803d056d15b963f',3292,44,273
1746745318.838931,192.168.0.219:5084,1,-58,b'303435fc8803d056d15b963f',2832,44,255
1746745318.867147,192.168.0.219:5084,2,-62,b'303435fc8803d056d15b963f',220,45,410
1746745318.898386,192.168.0.219:5084,3,-59,b'303435fc8803d056d15b963f',1376,45,-156
1746745318.91208,192.168.0.219:5084,1,-64,b'303435fc8803d056d15b963f',2136,45,488
1746745319.074497,192.168.0.219:5084,2,-60,b'303435fc8803d056d15b963f',3972,45,449
1746745318.973656,192.168.0.219:5084,3,-60,b'303435fc8803d056d15b963f',1652,45,488
1746745319.116409,192.168.0.219:5084,1,-65,b'303435fc8803d056d15b963f',272,46,10
1746745319.139428,192.168.0.219:5084,2,-65,b'303435fc8803d056d15b963f',292,46,-1343
1746745319.166692,192.168.0.219:5084,3,-57,b'303435fc8803d056d15b963f',1656,46,117
1746745319.200535,192.168.0.219:5084,4,-65,b'303435fc8803d056d15b963f',430,46,3135
1746745319.251708,192.168.0.219:5084,1,-66,b'303435fc8803d056d15b963f',808,46,-29
1746745319.267299,192.168.0.219:5084,2,-64,b'303435fc8803d056d15b963f',1740,47,1054
1746745319.298647,192.168.0.219:5084,3,-60,b'303435fc8803d056d15b963f',1384,47,410
1746745319.313882,192.168.0.219:5084,1,-66,b'303435fc8803d056d15b963f',1468,47,-78
