RunTimestamp,Timestamp,EPC,AntennaPort,RSSI,PhaseAngle,Frequency,DopplerFrequency
2025-03-26T13:23:12.927807,1743017113736483,333030383333623264646439303134303030303030303030,1,-53.50,18.88,10,6.25
2025-03-26T13:23:12.927807,1743017113736483,333030383333623264646439303134303030303030303030,1,-53.50,18.88,10,6.25
2025-03-26T13:23:12.927807,1743017113736483,333030383333623264646439303134303030303030303030,1,-53.50,18.88,10,6.25
2025-03-26T13:23:12.927807,1743017113736483,333030383333623264646439303134303030303030303030,1,-53.50,18.88,10,6.25
2025-03-26T13:23:13.433750,1743017114476869,333030383333623264646439303134303030303030303030,2,-56.00,38.00,13,7.67
2025-03-26T13:23:13.433750,1743017114476869,333030383333623264646439303134303030303030303030,2,-56.00,38.00,13,7.67
2025-03-26T13:23:13.433750,1743017114476869,333030383333623264646439303134303030303030303030,2,-56.00,38.00,13,7.67
2025-03-26T13:23:13.433750,1743017114476869,333030383333623264646439303134303030303030303030,2,-56.00,38.00,13,7.67
2025-03-26T13:23:13.433750,1743017114476869,333030383333623264646439303134303030303030303030,2,-56.00,38.00,13,7.67
2025-03-26T13:23:13.433750,1743017114476869,333030383333623264646439303134303030303030303030,2,-56.00,38.00,13,7.67
2025-03-26T13:23:13.433750,1743017114476869,333030383333623264646439303134303030303030303030,2,-56.00,38.00,13,7.67
2025-03-26T13:23:13.433750,1743017114476869,333030383333623264646439303134303030303030303030,2,-56.00,38.00,13,7.67
2025-03-26T13:23:13.936879,1743017114713890,333030383333623264646439303134303030303030303030,3,-57.00,1.16,15,7.67
2025-03-26T13:23:13.936879,1743017114713890,333030383333623264646439303134303030303030303030,3,-57.00,1.16,15,7.67
2025-03-26T13:23:13.936879,1743017114713890,333030383333623264646439303134303030303030303030,3,-57.00,1.16,15,7.67
2025-03-26T13:23:13.936879,1743017114713890,333030383333623264646439303134303030303030303030,3,-57.00,1.16,15,7.67
2025-03-26T13:23:13.936879,1743017114713890,333030383333623264646439303134303030303030303030,3,-57.00,1.16,15,7.67
2025-03-26T13:23:13.936879,1743017114713890,333030383333623264646439303134303030303030303030,3,-57.00,1.16,15,7.67
2025-03-26T13:23:13.936879,1743017114984497,333030383333623264646439303134303030303030303030,3,-55.50,15.88,16,8.20
2025-03-26T13:23:13.936879,1743017114984497,333030383333623264646439303134303030303030303030,3,-55.50,15.88,16,8.20
2025-03-26T13:23:13.936879,1743017114984497,333030383333623264646439303134303030303030303030,3,-55.50,15.88,16,8.20
2025-03-26T13:23:13.936879,1743017114984497,333030383333623264646439303134303030303030303030,3,-55.50,15.88,16,8.20
2025-03-26T13:23:13.936879,1743017114984497,333030383333623264646439303134303030303030303030,3,-55.50,15.88,16,8.20
2025-03-26T13:23:13.936879,1743017114984497,333030383333623264646439303134303030303030303030,3,-55.50,15.88,16,8.20
2025-03-26T13:23:13.936879,1743017114984497,333030383333623264646439303134303030303030303030,3,-55.50,15.88,16,8.20
2025-03-26T13:23:13.936879,1743017114984497,333030383333623264646439303134303030303030303030,3,-55.50,15.88,16,8.20
2025-03-26T13:23:13.936879,1743017114984497,333030383333623264646439303134303030303030303030,3,-55.50,15.88,16,8.20
2025-03-26T13:23:13.936879,1743017114984497,333030383333623264646439303134303030303030303030,3,-55.50,15.88,16,8.20
2025-03-26T13:23:14.442337,1743017115225645,333030383333623264646439303134303030303030303030,4,-56.00,15.16,17,7.03
2025-03-26T13:23:14.442337,1743017115225645,333030383333623264646439303134303030303030303030,4,-56.00,15.16,17,7.03
2025-03-26T13:23:14.442337,1743017115225645,333030383333623264646439303134303030303030303030,4,-56.00,15.16,17,7.03
2025-03-26T13:23:14.442337,1743017115225645,333030383333623264646439303134303030303030303030,4,-56.00,15.16,17,7.03
2025-03-26T13:23:14.442337,1743017115225645,333030383333623264646439303134303030303030303030,4,-56.00,15.16,17,7.03
2025-03-26T13:23:14.442337,1743017115225645,333030383333623264646439303134303030303030303030,4,-56.00,15.16,17,7.03
2025-03-26T13:23:14.442337,1743017115225645,333030383333623264646439303134303030303030303030,4,-56.00,15.16,17,7.03
2025-03-26T13:23:14.442337,1743017115225645,333030383333623264646439303134303030303030303030,4,-56.00,15.16,17,7.03
2025-03-26T13:23:14.442337,1743017115225645,333030383333623264646439303134303030303030303030,4,-56.00,15.16,17,7.03
2025-03-26T13:23:14.442337,1743017115494321,333030383333623264646439303134303030303030303030,4,-52.50,32.92,18,10.23
2025-03-26T13:23:14.442337,1743017115494321,333030383333623264646439303134303030303030303030,4,-52.50,32.92,18,10.23
2025-03-26T13:23:14.442337,1743017115494321,333030383333623264646439303134303030303030303030,4,-52.50,32.92,18,10.23
2025-03-26T13:23:14.442337,1743017115494321,333030383333623264646439303134303030303030303030,4,-52.50,32.92,18,10.23
2025-03-26T13:23:14.442337,1743017115494321,333030383333623264646439303134303030303030303030,4,-52.50,32.92,18,10.23
2025-03-26T13:23:14.442337,1743017115494321,333030383333623264646439303134303030303030303030,4,-52.50,32.92,18,10.23
2025-03-26T13:23:14.442337,1743017115494321,333030383333623264646439303134303030303030303030,4,-52.50,32.92,18,10.23
2025-03-26T13:23:14.442337,1743017115494321,333030383333623264646439303134303030303030303030,4,-52.50,32.92,18,10.23
2025-03-26T13:23:14.442337,1743017115494321,333030383333623264646439303134303030303030303030,4,-52.50,32.92,18,10.23
2025-03-26T13:23:14.442337,1743017115494321,333030383333623264646439303134303030303030303030,4,-52.50,32.92,18,10.23
2025-03-26T13:23:14.951427,1743017115750847,333030383333623264646439303134303030303030303030,1,-53.50,25.44,20,11.51
2025-03-26T13:23:14.951427,1743017115750847,333030383333623264646439303134303030303030303030,1,-53.50,25.44,20,11.51
2025-03-26T13:23:14.951427,1743017115750847,333030383333623264646439303134303030303030303030,1,-53.50,25.44,20,11.51
2025-03-26T13:23:14.951427,1743017115750847,333030383333623264646439303134303030303030303030,1,-53.50,25.44,20,11.51
2025-03-26T13:23:14.951427,1743017115750847,333030383333623264646439303134303030303030303030,1,-53.50,25.44,20,11.51
2025-03-26T13:23:14.951427,1743017115750847,333030383333623264646439303134303030303030303030,1,-53.50,25.44,20,11.51
2025-03-26T13:23:14.951427,1743017115750847,333030383333623264646439303134303030303030303030,1,-53.50,25.44,20,11.51
2025-03-26T13:23:14.951427,1743017115750847,333030383333623264646439303134303030303030303030,1,-53.50,25.44,20,11.51
2025-03-26T13:23:14.951427,1743017115750847,333030383333623264646439303134303030303030303030,1,-53.50,25.44,20,11.51
2025-03-26T13:23:14.951427,1743017115750847,333030383333623264646439303134303030303030303030,1,-53.50,25.44,20,11.51
2025-03-26T13:23:15.460086,1743017116528671,333030383333623264646439303134303030303030303030,2,-51.50,28.92,23,4.47
2025-03-26T13:23:15.460086,1743017116528671,333030383333623264646439303134303030303030303030,2,-51.50,28.92,23,4.47
2025-03-26T13:23:15.460086,1743017116528671,333030383333623264646439303134303030303030303030,2,-51.50,28.92,23,4.47
2025-03-26T13:23:15.460086,1743017116528671,333030383333623264646439303134303030303030303030,2,-51.50,28.92,23,4.47
2025-03-26T13:23:15.460086,1743017116528671,333030383333623264646439303134303030303030303030,2,-51.50,28.92,23,4.47
2025-03-26T13:23:15.460086,1743017116528671,333030383333623264646439303134303030303030303030,2,-51.50,28.92,23,4.47
2025-03-26T13:23:15.460086,1743017116528671,333030383333623264646439303134303030303030303030,2,-51.50,28.92,23,4.47
2025-03-26T13:23:15.460086,1743017116528671,333030383333623264646439303134303030303030303030,2,-51.50,28.92,23,4.47
2025-03-26T13:23:15.460086,1743017116528671,333030383333623264646439303134303030303030303030,2,-51.50,28.92,23,4.47
2025-03-26T13:23:15.967037,1743017116756813,333030383333623264646439303134303030303030303030,3,-53.50,38.76,25,11.51
2025-03-26T13:23:15.967037,1743017116756813,333030383333623264646439303134303030303030303030,3,-53.50,38.76,25,11.51
2025-03-26T13:23:15.967037,1743017116756813,333030383333623264646439303134303030303030303030,3,-53.50,38.76,25,11.51
2025-03-26T13:23:15.967037,1743017116756813,333030383333623264646439303134303030303030303030,3,-53.50,38.76,25,11.51
2025-03-26T13:23:15.967037,1743017116756813,333030383333623264646439303134303030303030303030,3,-53.50,38.76,25,11.51
2025-03-26T13:23:15.967037,1743017116756813,333030383333623264646439303134303030303030303030,3,-53.50,38.76,25,11.51
2025-03-26T13:23:15.967037,1743017116756813,333030383333623264646439303134303030303030303030,3,-53.50,38.76,25,11.51
2025-03-26T13:23:15.967037,1743017117026328,333030383333623264646439303134303030303030303030,3,-55.00,31.32,26,3.12
2025-03-26T13:23:15.967037,1743017117026328,333030383333623264646439303134303030303030303030,3,-55.00,31.32,26,3.12
2025-03-26T13:23:15.967037,1743017117026328,333030383333623264646439303134303030303030303030,3,-55.00,31.32,26,3.12
2025-03-26T13:23:15.967037,1743017117026328,333030383333623264646439303134303030303030303030,3,-55.00,31.32,26,3.12
2025-03-26T13:23:15.967037,1743017117026328,333030383333623264646439303134303030303030303030,3,-55.00,31.32,26,3.12
2025-03-26T13:23:15.967037,1743017117026328,333030383333623264646439303134303030303030303030,3,-55.00,31.32,26,3.12
2025-03-26T13:23:15.967037,1743017117026328,333030383333623264646439303134303030303030303030,3,-55.00,31.32,26,3.12
2025-03-26T13:23:15.967037,1743017117026328,333030383333623264646439303134303030303030303030,3,-55.00,31.32,26,3.12
2025-03-26T13:23:15.967037,1743017117026328,333030383333623264646439303134303030303030303030,3,-55.00,31.32,26,3.12
2025-03-26T13:23:15.967037,1743017117026328,333030383333623264646439303134303030303030303030,3,-55.00,31.32,26,3.12
2025-03-26T13:23:15.967037,1743017117026328,333030383333623264646439303134303030303030303030,3,-55.00,31.32,26,3.12
2025-03-26T13:23:16.474126,1743017117280358,333030383333623264646439303134303030303030303030,4,-52.50,28.76,27,8.95
2025-03-26T13:23:16.474126,1743017117280358,333030383333623264646439303134303030303030303030,4,-52.50,28.76,27,8.95
2025-03-26T13:23:16.474126,1743017117280358,333030383333623264646439303134303030303030303030,4,-52.50,28.76,27,8.95
2025-03-26T13:23:16.474126,1743017117280358,333030383333623264646439303134303030303030303030,4,-52.50,28.76,27,8.95
2025-03-26T13:23:16.474126,1743017117280358,333030383333623264646439303134303030303030303030,4,-52.50,28.76,27,8.95
2025-03-26T13:23:16.474126,1743017117280358,333030383333623264646439303134303030303030303030,4,-52.50,28.76,27,8.95
2025-03-26T13:23:16.474126,1743017117280358,333030383333623264646439303134303030303030303030,4,-52.50,28.76,27,8.95
2025-03-26T13:23:16.474126,1743017117280358,333030383333623264646439303134303030303030303030,4,-52.50,28.76,27,8.95
2025-03-26T13:23:16.474126,1743017117280358,333030383333623264646439303134303030303030303030,4,-52.50,28.76,27,8.95
2025-03-26T13:23:16.474126,1743017117537376,333030383333623264646439303134303030303030303030,4,-53.50,16.92,28,5.85
2025-03-26T13:23:16.474126,1743017117537376,333030383333623264646439303134303030303030303030,4,-53.50,16.92,28,5.85
2025-03-26T13:23:16.474126,1743017117537376,333030383333623264646439303134303030303030303030,4,-53.50,16.92,28,5.85
2025-03-26T13:23:16.474126,1743017117537376,333030383333623264646439303134303030303030303030,4,-53.50,16.92,28,5.85
2025-03-26T13:23:16.474126,1743017117537376,333030383333623264646439303134303030303030303030,4,-53.50,16.92,28,5.85
2025-03-26T13:23:16.474126,1743017117537376,333030383333623264646439303134303030303030303030,4,-53.50,16.92,28,5.85
2025-03-26T13:23:16.474126,1743017117537376,333030383333623264646439303134303030303030303030,4,-53.50,16.92,28,5.85
2025-03-26T13:23:16.474126,1743017117537376,333030383333623264646439303134303030303030303030,4,-53.50,16.92,28,5.85
2025-03-26T13:23:16.474126,1743017117537376,333030383333623264646439303134303030303030303030,4,-53.50,16.92,28,5.85
2025-03-26T13:23:16.474126,1743017117537376,333030383333623264646439303134303030303030303030,4,-53.50,16.92,28,5.85
2025-03-26T13:23:16.979756,1743017117785800,333030383333623264646439303134303030303030303030,1,-53.00,33.88,30,5.07
2025-03-26T13:23:16.979756,1743017117785800,333030383333623264646439303134303030303030303030,1,-53.00,33.88,30,5.07
2025-03-26T13:23:16.979756,1743017117785800,333030383333623264646439303134303030303030303030,1,-53.00,33.88,30,5.07
2025-03-26T13:23:16.979756,1743017117785800,333030383333623264646439303134303030303030303030,1,-53.00,33.88,30,5.07
2025-03-26T13:23:16.979756,1743017117785800,333030383333623264646439303134303030303030303030,1,-53.00,33.88,30,5.07
2025-03-26T13:23:16.979756,1743017117785800,333030383333623264646439303134303030303030303030,1,-53.00,33.88,30,5.07
2025-03-26T13:23:16.979756,1743017117785800,333030383333623264646439303134303030303030303030,1,-53.00,33.88,30,5.07
2025-03-26T13:23:16.979756,1743017117785800,333030383333623264646439303134303030303030303030,1,-53.00,33.88,30,5.07
2025-03-26T13:23:16.979756,1743017117785800,333030383333623264646439303134303030303030303030,1,-53.00,33.88,30,5.07
2025-03-26T13:23:17.486563,1743017118541866,333030383333623264646439303134303030303030303030,2,-57.50,28.04,33,2.55
2025-03-26T13:23:17.486563,1743017118541866,333030383333623264646439303134303030303030303030,2,-57.50,28.04,33,2.55
2025-03-26T13:23:17.486563,1743017118541866,333030383333623264646439303134303030303030303030,2,-57.50,28.04,33,2.55
2025-03-26T13:23:17.486563,1743017118541866,333030383333623264646439303134303030303030303030,2,-57.50,28.04,33,2.55
2025-03-26T13:23:17.486563,1743017118541866,333030383333623264646439303134303030303030303030,2,-57.50,28.04,33,2.55
2025-03-26T13:23:17.486563,1743017118541866,333030383333623264646439303134303030303030303030,2,-57.50,28.04,33,2.55
2025-03-26T13:23:17.486563,1743017118541866,333030383333623264646439303134303030303030303030,2,-57.50,28.04,33,2.55
2025-03-26T13:23:17.486563,1743017118541866,333030383333623264646439303134303030303030303030,2,-57.50,28.04,33,2.55
2025-03-26T13:23:17.994717,1743017118791472,333030383333623264646439303134303030303030303030,3,-53.00,37.44,35,4.47
2025-03-26T13:23:17.994717,1743017118791472,333030383333623264646439303134303030303030303030,3,-53.00,37.44,35,4.47
2025-03-26T13:23:17.994717,1743017118791472,333030383333623264646439303134303030303030303030,3,-53.00,37.44,35,4.47
2025-03-26T13:23:17.994717,1743017118791472,333030383333623264646439303134303030303030303030,3,-53.00,37.44,35,4.47
2025-03-26T13:23:17.994717,1743017118791472,333030383333623264646439303134303030303030303030,3,-53.00,37.44,35,4.47
2025-03-26T13:23:17.994717,1743017118791472,333030383333623264646439303134303030303030303030,3,-53.00,37.44,35,4.47
2025-03-26T13:23:17.994717,1743017118791472,333030383333623264646439303134303030303030303030,3,-53.00,37.44,35,4.47
2025-03-26T13:23:17.994717,1743017118791472,333030383333623264646439303134303030303030303030,3,-53.00,37.44,35,4.47
2025-03-26T13:23:17.994717,1743017119058257,333030383333623264646439303134303030303030303030,3,-52.50,33.26,36,10.23
2025-03-26T13:23:17.994717,1743017119058257,333030383333623264646439303134303030303030303030,3,-52.50,33.26,36,10.23
2025-03-26T13:23:17.994717,1743017119058257,333030383333623264646439303134303030303030303030,3,-52.50,33.26,36,10.23
2025-03-26T13:23:17.994717,1743017119058257,333030383333623264646439303134303030303030303030,3,-52.50,33.26,36,10.23
2025-03-26T13:23:17.994717,1743017119058257,333030383333623264646439303134303030303030303030,3,-52.50,33.26,36,10.23
2025-03-26T13:23:17.994717,1743017119058257,333030383333623264646439303134303030303030303030,3,-52.50,33.26,36,10.23
2025-03-26T13:23:17.994717,1743017119058257,333030383333623264646439303134303030303030303030,3,-52.50,33.26,36,10.23
2025-03-26T13:23:17.994717,1743017119058257,333030383333623264646439303134303030303030303030,3,-52.50,33.26,36,10.23
2025-03-26T13:23:17.994717,1743017119058257,333030383333623264646439303134303030303030303030,3,-52.50,33.26,36,10.23
2025-03-26T13:23:18.502166,1743017119296343,333030383333623264646439303134303030303030303030,4,-51.50,2.64,37,4.29
2025-03-26T13:23:18.502166,1743017119296343,333030383333623264646439303134303030303030303030,4,-51.50,2.64,37,4.29
2025-03-26T13:23:18.502166,1743017119296343,333030383333623264646439303134303030303030303030,4,-51.50,2.64,37,4.29
2025-03-26T13:23:18.502166,1743017119296343,333030383333623264646439303134303030303030303030,4,-51.50,2.64,37,4.29
2025-03-26T13:23:18.502166,1743017119296343,333030383333623264646439303134303030303030303030,4,-51.50,2.64,37,4.29
2025-03-26T13:23:18.502166,1743017119296343,333030383333623264646439303134303030303030303030,4,-51.50,2.64,37,4.29
2025-03-26T13:23:18.502166,1743017119296343,333030383333623264646439303134303030303030303030,4,-51.50,2.64,37,4.29
2025-03-26T13:23:18.502166,1743017119296343,333030383333623264646439303134303030303030303030,4,-51.50,2.64,37,4.29
2025-03-26T13:23:18.502166,1743017119296343,333030383333623264646439303134303030303030303030,4,-51.50,2.64,37,4.29
2025-03-26T13:23:18.502166,1743017119554178,333030383333623264646439303134303030303030303030,4,-53.00,36.98,38,13.43
2025-03-26T13:23:18.502166,1743017119554178,333030383333623264646439303134303030303030303030,4,-53.00,36.98,38,13.43
2025-03-26T13:23:18.502166,1743017119554178,333030383333623264646439303134303030303030303030,4,-53.00,36.98,38,13.43
2025-03-26T13:23:18.502166,1743017119554178,333030383333623264646439303134303030303030303030,4,-53.00,36.98,38,13.43
2025-03-26T13:23:18.502166,1743017119554178,333030383333623264646439303134303030303030303030,4,-53.00,36.98,38,13.43
2025-03-26T13:23:18.502166,1743017119554178,333030383333623264646439303134303030303030303030,4,-53.00,36.98,38,13.43
2025-03-26T13:23:18.502166,1743017119554178,333030383333623264646439303134303030303030303030,4,-53.00,36.98,38,13.43
2025-03-26T13:23:18.502166,1743017119554178,333030383333623264646439303134303030303030303030,4,-53.00,36.98,38,13.43
2025-03-26T13:23:18.502166,1743017119554178,333030383333623264646439303134303030303030303030,4,-53.00,36.98,38,13.43
2025-03-26T13:23:19.007777,1743017119808758,333030383333623264646439303134303030303030303030,1,-53.00,14.32,40,6.25
2025-03-26T13:23:19.007777,1743017119808758,333030383333623264646439303134303030303030303030,1,-53.00,14.32,40,6.25
2025-03-26T13:23:19.007777,1743017119808758,333030383333623264646439303134303030303030303030,1,-53.00,14.32,40,6.25
2025-03-26T13:23:19.007777,1743017119808758,333030383333623264646439303134303030303030303030,1,-53.00,14.32,40,6.25
2025-03-26T13:23:19.007777,1743017119808758,333030383333623264646439303134303030303030303030,1,-53.00,14.32,40,6.25
2025-03-26T13:23:19.007777,1743017119808758,333030383333623264646439303134303030303030303030,1,-53.00,14.32,40,6.25
2025-03-26T13:23:19.007777,1743017119808758,333030383333623264646439303134303030303030303030,1,-53.00,14.32,40,6.25
2025-03-26T13:23:19.007777,1743017119808758,333030383333623264646439303134303030303030303030,1,-53.00,14.32,40,6.25
2025-03-26T13:23:19.007777,1743017119808758,333030383333623264646439303134303030303030303030,1,-53.00,14.32,40,6.25
2025-03-26T13:23:19.007777,1743017119808758,333030383333623264646439303134303030303030303030,1,-53.00,14.32,40,6.25
2025-03-26T13:23:19.513563,1743017120531569,333030383333623264646439303134303030303030303030,2,-58.00,32.48,43,0.02
2025-03-26T13:23:19.513563,1743017120531569,333030383333623264646439303134303030303030303030,2,-58.00,32.48,43,0.02
2025-03-26T13:23:19.513563,1743017120531569,333030383333623264646439303134303030303030303030,2,-58.00,32.48,43,0.02
2025-03-26T13:23:19.513563,1743017120531569,333030383333623264646439303134303030303030303030,2,-58.00,32.48,43,0.02
2025-03-26T13:23:19.513563,1743017120531569,333030383333623264646439303134303030303030303030,2,-58.00,32.48,43,0.02
2025-03-26T13:23:19.513563,1743017120531569,333030383333623264646439303134303030303030303030,2,-58.00,32.48,43,0.02
2025-03-26T13:23:19.513563,1743017120531569,333030383333623264646439303134303030303030303030,2,-58.00,32.48,43,0.02
2025-03-26T13:23:20.022920,1743017120803703,333030383333623264646439303134303030303030303030,3,-58.00,33.32,45,0.01
2025-03-26T13:23:20.022920,1743017120803703,333030383333623264646439303134303030303030303030,3,-58.00,33.32,45,0.01
2025-03-26T13:23:20.022920,1743017120803703,333030383333623264646439303134303030303030303030,3,-58.00,33.32,45,0.01
2025-03-26T13:23:20.022920,1743017120803703,333030383333623264646439303134303030303030303030,3,-58.00,33.32,45,0.01
2025-03-26T13:23:20.022920,1743017120803703,333030383333623264646439303134303030303030303030,3,-58.00,33.32,45,0.01
2025-03-26T13:23:20.022920,1743017120803703,333030383333623264646439303134303030303030303030,3,-58.00,33.32,45,0.01
2025-03-26T13:23:20.022920,1743017120803703,333030383333623264646439303134303030303030303030,3,-58.00,33.32,45,0.01
2025-03-26T13:23:20.022920,1743017121102986,333030383333623264646439303134303030303030303030,3,-51.50,26.60,46,5.11
2025-03-26T13:23:20.022920,1743017121102986,333030383333623264646439303134303030303030303030,3,-51.50,26.60,46,5.11
2025-03-26T13:23:20.022920,1743017121102986,333030383333623264646439303134303030303030303030,3,-51.50,26.60,46,5.11
2025-03-26T13:23:20.022920,1743017121102986,333030383333623264646439303134303030303030303030,3,-51.50,26.60,46,5.11
2025-03-26T13:23:20.022920,1743017121102986,333030383333623264646439303134303030303030303030,3,-51.50,26.60,46,5.11
2025-03-26T13:23:20.022920,1743017121102986,333030383333623264646439303134303030303030303030,3,-51.50,26.60,46,5.11
2025-03-26T13:23:20.022920,1743017121102986,333030383333623264646439303134303030303030303030,3,-51.50,26.60,46,5.11
2025-03-26T13:23:20.022920,1743017121102986,333030383333623264646439303134303030303030303030,3,-51.50,26.60,46,5.11
2025-03-26T13:23:20.022920,1743017121102986,333030383333623264646439303134303030303030303030,3,-51.50,26.60,46,5.11
2025-03-26T13:23:20.531590,1743017121334863,333030383333623264646439303134303030303030303030,4,-51.50,25.80,47,8.31
2025-03-26T13:23:20.531590,1743017121334863,333030383333623264646439303134303030303030303030,4,-51.50,25.80,47,8.31
2025-03-26T13:23:20.531590,1743017121334863,333030383333623264646439303134303030303030303030,4,-51.50,25.80,47,8.31
2025-03-26T13:23:20.531590,1743017121334863,333030383333623264646439303134303030303030303030,4,-51.50,25.80,47,8.31
2025-03-26T13:23:20.531590,1743017121334863,333030383333623264646439303134303030303030303030,4,-51.50,25.80,47,8.31
2025-03-26T13:23:20.531590,1743017121334863,333030383333623264646439303134303030303030303030,4,-51.50,25.80,47,8.31
2025-03-26T13:23:20.531590,1743017121334863,333030383333623264646439303134303030303030303030,4,-51.50,25.80,47,8.31
2025-03-26T13:23:20.531590,1743017121334863,333030383333623264646439303134303030303030303030,4,-51.50,25.80,47,8.31
2025-03-26T13:23:20.531590,1743017121334863,333030383333623264646439303134303030303030303030,4,-51.50,25.80,47,8.31
2025-03-26T13:23:20.531590,1743017121597700,333030383333623264646439303134303030303030303030,4,-53.00,32.14,48,12.15
2025-03-26T13:23:20.531590,1743017121597700,333030383333623264646439303134303030303030303030,4,-53.00,32.14,48,12.15
2025-03-26T13:23:20.531590,1743017121597700,333030383333623264646439303134303030303030303030,4,-53.00,32.14,48,12.15
2025-03-26T13:23:20.531590,1743017121597700,333030383333623264646439303134303030303030303030,4,-53.00,32.14,48,12.15
2025-03-26T13:23:20.531590,1743017121597700,333030383333623264646439303134303030303030303030,4,-53.00,32.14,48,12.15
2025-03-26T13:23:20.531590,1743017121597700,333030383333623264646439303134303030303030303030,4,-53.00,32.14,48,12.15
2025-03-26T13:23:20.531590,1743017121597700,333030383333623264646439303134303030303030303030,4,-53.00,32.14,48,12.15
2025-03-26T13:23:20.531590,1743017121597700,333030383333623264646439303134303030303030303030,4,-53.00,32.14,48,12.15
2025-03-26T13:23:20.531590,1743017121597700,333030383333623264646439303134303030303030303030,4,-53.00,32.14,48,12.15
2025-03-26T13:23:21.039832,1743017121822288,333030383333623264646439303134303030303030303030,1,-52.50,27.28,50,2.73
2025-03-26T13:23:21.039832,1743017121822288,333030383333623264646439303134303030303030303030,1,-52.50,27.28,50,2.73
2025-03-26T13:23:21.039832,1743017121822288,333030383333623264646439303134303030303030303030,1,-52.50,27.28,50,2.73
2025-03-26T13:23:21.039832,1743017121822288,333030383333623264646439303134303030303030303030,1,-52.50,27.28,50,2.73
2025-03-26T13:23:21.039832,1743017121822288,333030383333623264646439303134303030303030303030,1,-52.50,27.28,50,2.73
2025-03-26T13:23:21.039832,1743017121822288,333030383333623264646439303134303030303030303030,1,-52.50,27.28,50,2.73
2025-03-26T13:23:21.039832,1743017121822288,333030383333623264646439303134303030303030303030,1,-52.50,27.28,50,2.73
2025-03-26T13:23:21.039832,1743017121822288,333030383333623264646439303134303030303030303030,1,-52.50,27.28,50,2.73
2025-03-26T13:23:21.039832,1743017121822288,333030383333623264646439303134303030303030303030,1,-52.50,27.28,50,2.73
2025-03-26T13:23:21.547046,1743017122592099,333030383333623264646439303134303030303030303030,2,-57.50,14.04,3,0.02
2025-03-26T13:23:21.547046,1743017122592099,333030383333623264646439303134303030303030303030,2,-57.50,14.04,3,0.02
2025-03-26T13:23:21.547046,1743017122592099,333030383333623264646439303134303030303030303030,2,-57.50,14.04,3,0.02
2025-03-26T13:23:21.547046,1743017122592099,333030383333623264646439303134303030303030303030,2,-57.50,14.04,3,0.02
2025-03-26T13:23:21.547046,1743017122592099,333030383333623264646439303134303030303030303030,2,-57.50,14.04,3,0.02
2025-03-26T13:23:21.547046,1743017122592099,333030383333623264646439303134303030303030303030,2,-57.50,14.04,3,0.02
2025-03-26T13:23:22.053307,1743017122833199,333030383333623264646439303134303030303030303030,3,-54.50,5.54,5,19.19
2025-03-26T13:23:22.053307,1743017122833199,333030383333623264646439303134303030303030303030,3,-54.50,5.54,5,19.19
2025-03-26T13:23:22.053307,1743017122833199,333030383333623264646439303134303030303030303030,3,-54.50,5.54,5,19.19
2025-03-26T13:23:22.053307,1743017122833199,333030383333623264646439303134303030303030303030,3,-54.50,5.54,5,19.19
2025-03-26T13:23:22.053307,1743017122833199,333030383333623264646439303134303030303030303030,3,-54.50,5.54,5,19.19
2025-03-26T13:23:22.053307,1743017122833199,333030383333623264646439303134303030303030303030,3,-54.50,5.54,5,19.19
2025-03-26T13:23:22.053307,1743017122833199,333030383333623264646439303134303030303030303030,3,-54.50,5.54,5,19.19
2025-03-26T13:23:22.053307,1743017122833199,333030383333623264646439303134303030303030303030,3,-54.50,5.54,5,19.19
2025-03-26T13:23:22.053307,1743017123107287,333030383333623264646439303134303030303030303030,3,-54.50,35.88,6,3.12
2025-03-26T13:23:22.053307,1743017123107287,333030383333623264646439303134303030303030303030,3,-54.50,35.88,6,3.12
2025-03-26T13:23:22.053307,1743017123107287,333030383333623264646439303134303030303030303030,3,-54.50,35.88,6,3.12
2025-03-26T13:23:22.053307,1743017123107287,333030383333623264646439303134303030303030303030,3,-54.50,35.88,6,3.12
2025-03-26T13:23:22.053307,1743017123107287,333030383333623264646439303134303030303030303030,3,-54.50,35.88,6,3.12
2025-03-26T13:23:22.053307,1743017123107287,333030383333623264646439303134303030303030303030,3,-54.50,35.88,6,3.12
2025-03-26T13:23:22.053307,1743017123107287,333030383333623264646439303134303030303030303030,3,-54.50,35.88,6,3.12
2025-03-26T13:23:22.053307,1743017123107287,333030383333623264646439303134303030303030303030,3,-54.50,35.88,6,3.12
2025-03-26T13:23:22.053307,1743017123107287,333030383333623264646439303134303030303030303030,3,-54.50,35.88,6,3.12
2025-03-26T13:23:22.053307,1743017123107287,333030383333623264646439303134303030303030303030,3,-54.50,35.88,6,3.12
2025-03-26T13:23:22.558962,1743017123345551,333030383333623264646439303134303030303030303030,4,-55.00,0.00,7,5.85
2025-03-26T13:23:22.558962,1743017123345551,333030383333623264646439303134303030303030303030,4,-55.00,0.00,7,5.85
2025-03-26T13:23:22.558962,1743017123345551,333030383333623264646439303134303030303030303030,4,-55.00,0.00,7,5.85
2025-03-26T13:23:22.558962,1743017123345551,333030383333623264646439303134303030303030303030,4,-55.00,0.00,7,5.85
2025-03-26T13:23:22.558962,1743017123345551,333030383333623264646439303134303030303030303030,4,-55.00,0.00,7,5.85
2025-03-26T13:23:22.558962,1743017123345551,333030383333623264646439303134303030303030303030,4,-55.00,0.00,7,5.85
2025-03-26T13:23:22.558962,1743017123345551,333030383333623264646439303134303030303030303030,4,-55.00,0.00,7,5.85
2025-03-26T13:23:22.558962,1743017123345551,333030383333623264646439303134303030303030303030,4,-55.00,0.00,7,5.85
2025-03-26T13:23:22.558962,1743017123621642,333030383333623264646439303134303030303030303030,4,-53.00,39.50,8,8.31
2025-03-26T13:23:22.558962,1743017123621642,333030383333623264646439303134303030303030303030,4,-53.00,39.50,8,8.31
2025-03-26T13:23:22.558962,1743017123621642,333030383333623264646439303134303030303030303030,4,-53.00,39.50,8,8.31
2025-03-26T13:23:22.558962,1743017123621642,333030383333623264646439303134303030303030303030,4,-53.00,39.50,8,8.31
2025-03-26T13:23:22.558962,1743017123621642,333030383333623264646439303134303030303030303030,4,-53.00,39.50,8,8.31
2025-03-26T13:23:22.558962,1743017123621642,333030383333623264646439303134303030303030303030,4,-53.00,39.50,8,8.31
2025-03-26T13:23:22.558962,1743017123621642,333030383333623264646439303134303030303030303030,4,-53.00,39.50,8,8.31
2025-03-26T13:23:22.558962,1743017123621642,333030383333623264646439303134303030303030303030,4,-53.00,39.50,8,8.31
2025-03-26T13:23:22.558962,1743017123621642,333030383333623264646439303134303030303030303030,4,-53.00,39.50,8,8.31
