timestamp,reader,antenna,rssi,epc,phase_angle,channel_index,doppler_frequency,epc,(All),,,,,
1753823917,192.168.0.219:5084,1,-49,b'303435fc8803d056d15b963f',2460,28,332,,,,,,,
1753823917,192.168.0.219:5084,2,-67,b'303435fc8803d056d15b963f',3632,28,-127,Row Labels,Average of rssi,RSSI0,d0,RSSI,d,n
1753823917,192.168.0.219:5084,3,-52,b'303435fc8803d056d15b963f',988,28,488,1,-50.87732342,-50.87732343,10.60660172,-58.67297297,4.242640687,1.959001199
1753823917,192.168.0.219:5084,4,-68,b'303435fc8803d056d15b963f',3532,28,0,2,-54.70895522,-54.70895522,10.60660172,-64.05603448,4.242640687,2.348866427
1753823917,192.168.0.219:5084,1,-48,b'303435fc8803d056d15b963f',2672,28,78,3,-56.27715356,-56.27715356,10.60660172,-64.28965517,4.242640687,2.013494858
1753823917,192.168.0.219:5084,2,-68,b'303435fc8803d056d15b963f',1524,28,511,4,-57.56521739,-57.56521739,10.60660172,-61.0375,4.242640687,0.87256434
1753823917,192.168.0.219:5084,3,-48,b'303435fc8803d056d15b963f',582,28,1279,(blank),,,,,,
1753823917,192.168.0.219:5084,1,-49,b'303435fc8803d056d15b963f',2196,29,117,Grand Total,-54.47770701,,,,,
1753823917,192.168.0.219:5084,2,-66,b'303435fc8803d056d15b963f',3088,29,3671,,,,,,,
1753823917,192.168.0.219:5084,3,-52,b'303435fc8803d056d15b963f',656,29,39,Row Labels,Count of antenna,,,,,
1753823917,192.168.0.219:5084,4,-67,b'303435fc8803d056d15b963f',3112,29,800,1,269,,,,,
1753823917,192.168.0.219:5084,1,-50,b'303435fc8803d056d15b963f',2148,29,-117,2,268,,,,,
1753823917,192.168.0.219:5084,2,-64,b'303435fc8803d056d15b963f',1008,29,1599,3,267,,,,,
1753823917,192.168.0.219:5084,3,-50,b'303435fc8803d056d15b963f',2944,29,767,4,138,,,,,
1753823917,192.168.0.219:5084,1,-51,b'303435fc8803d056d15b963f',4048,30,234,(blank),,,,,,
1753823917,192.168.0.219:5084,2,-62,b'303435fc8803d056d15b963f',592,30,371,Grand Total,942,,,,,
1753823917,192.168.0.219:5084,3,-51,b'303435fc8803d056d15b963f',3052,30,0,,,,,,,
1753823917,192.168.0.219:5084,4,-59,b'303435fc8803d056d15b963f',1072,30,-156,,,,,,,
1753823917,192.168.0.219:5084,1,-50,b'303435fc8803d056d15b963f',200,30,273,,,,,,,
1753823917,192.168.0.219:5084,2,-62,b'303435fc8803d056d15b963f',992,30,-527,,,,,,,
1753823917,192.168.0.219:5084,3,-49,b'303435fc8803d056d15b963f',3908,30,767,,,,,,,
1753823917,192.168.0.219:5084,1,-48,b'303435fc8803d056d15b963f',2436,31,-117,,,,,,,
1753823917,192.168.0.219:5084,3,-52,b'303435fc8803d056d15b963f',1956,31,273,,,,,,,
1753823917,192.168.0.219:5084,4,-60,b'303435fc8803d056d15b963f',3824,31,449,,,,,,,
1753823917,192.168.0.219:5084,1,-51,b'303435fc8803d056d15b963f',3112,31,39,,,,,,,
1753823917,192.168.0.219:5084,2,-65,b'303435fc8803d056d15b963f',3372,32,447,,,,,,,
1753823917,192.168.0.219:5084,3,-50,b'303435fc8803d056d15b963f',1248,32,234,,,,,,,
1753823918,192.168.0.219:5084,1,-53,b'303435fc8803d056d15b963f',3120,32,78,,,,,,,
1753823918,192.168.0.219:5084,2,-65,b'303435fc8803d056d15b963f',3120,32,156,,,,,,,
1753823918,192.168.0.219:5084,3,-51,b'303435fc8803d056d15b963f',1140,32,234,,,,,,,
1753823918,192.168.0.219:5084,4,-64,b'303435fc8803d056d15b963f',638,33,255,,,,,,,
1753823918,192.168.0.219:5084,1,-53,b'303435fc8803d056d15b963f',400,33,371,,,,,,,
1753823918,192.168.0.219:5084,2,-62,b'303435fc8803d056d15b963f',3972,33,117,,,,,,,
1753823918,192.168.0.219:5084,3,-54,b'303435fc8803d056d15b963f',2084,33,273,,,,,,,
1753823918,192.168.0.219:5084,4,-66,b'303435fc8803d056d15b963f',1326,33,127,,,,,,,
1753823918,192.168.0.219:5084,1,-54,b'303435fc8803d056d15b963f',3396,33,39,,,,,,,
1753823918,192.168.0.219:5084,2,-63,b'303435fc8803d056d15b963f',3228,33,-722,,,,,,,
1753823918,192.168.0.219:5084,3,-58,b'303435fc8803d056d15b963f',3024,33,767,,,,,,,
1753823918,192.168.0.219:5084,1,-59,b'303435fc8803d056d15b963f',1516,34,-78,,,,,,,
1753823918,192.168.0.219:5084,2,-60,b'303435fc8803d056d15b963f',1072,34,527,,,,,,,
1753823918,192.168.0.219:5084,3,-61,b'303435fc8803d056d15b963f',2968,34,-117,,,,,,,
1753823918,192.168.0.219:5084,1,-60,b'303435fc8803d056d15b963f',1548,34,-195,,,,,,,
1753823918,192.168.0.219:5084,2,-59,b'303435fc8803d056d15b963f',1700,34,511,,,,,,,
1753823918,192.168.0.219:5084,3,-66,b'303435fc8803d056d15b963f',3136,35,511,,,,,,,
1753823918,192.168.0.219:5084,1,-57,b'303435fc8803d056d15b963f',2964,35,78,,,,,,,
1753823918,192.168.0.219:5084,2,-64,b'303435fc8803d056d15b963f',3680,35,-605,,,,,,,
1753823918,192.168.0.219:5084,3,-74,b'303435fc8803d056d15b963f',2988,35,1,,,,,,,
1753823918,192.168.0.219:5084,4,-61,b'303435fc8803d056d15b963f',3308,35,-156,,,,,,,
1753823918,192.168.0.219:5084,1,-56,b'303435fc8803d056d15b963f',100,35,-117,,,,,,,
1753823918,192.168.0.219:5084,2,-58,b'303435fc8803d056d15b963f',3304,36,0,,,,,,,
1753823918,192.168.0.219:5084,4,-58,b'303435fc8803d056d15b963f',3252,36,-156,,,,,,,
1753823918,192.168.0.219:5084,1,-56,b'303435fc8803d056d15b963f',3628,36,-156,,,,,,,
1753823918,192.168.0.219:5084,2,-56,b'303435fc8803d056d15b963f',3816,36,0,,,,,,,
1753823918,192.168.0.219:5084,4,-60,b'303435fc8803d056d15b963f',2468,37,-39,,,,,,,
1753823918,192.168.0.219:5084,1,-59,b'303435fc8803d056d15b963f',3636,37,-39,,,,,,,
1753823918,192.168.0.219:5084,2,-56,b'303435fc8803d056d15b963f',2768,37,39,,,,,,,
1753823919,192.168.0.219:5084,3,-63,b'303435fc8803d056d15b963f',1760,37,273,,,,,,,
1753823919,192.168.0.219:5084,4,-60,b'303435fc8803d056d15b963f',2476,37,-39,,,,,,,
1753823919,192.168.0.219:5084,1,-60,b'303435fc8803d056d15b963f',3980,37,-332,,,,,,,
1753823919,192.168.0.219:5084,2,-55,b'303435fc8803d056d15b963f',2492,37,6,,,,,,,
1753823919,192.168.0.219:5084,3,-59,b'303435fc8803d056d15b963f',2692,38,156,,,,,,,
1753823919,192.168.0.219:5084,1,-58,b'303435fc8803d056d15b963f',1336,38,644,,,,,,,
1753823919,192.168.0.219:5084,2,-54,b'303435fc8803d056d15b963f',332,38,-195,,,,,,,
1753823919,192.168.0.219:5084,3,-58,b'303435fc8803d056d15b963f',2716,38,-195,,,,,,,
1753823919,192.168.0.219:5084,4,-61,b'303435fc8803d056d15b963f',436,38,371,,,,,,,
1753823919,192.168.0.219:5084,1,-60,b'303435fc8803d056d15b963f',1428,38,839,,,,,,,
1753823919,192.168.0.219:5084,2,-54,b'303435fc8803d056d15b963f',720,38,1,,,,,,,
1753823919,192.168.0.219:5084,3,-59,b'303435fc8803d056d15b963f',2392,39,-1250,,,,,,,
1753823919,192.168.0.219:5084,1,-56,b'303435fc8803d056d15b963f',1732,39,0,,,,,,,
1753823919,192.168.0.219:5084,2,-53,b'303435fc8803d056d15b963f',2720,39,-195,,,,,,,
1753823919,192.168.0.219:5084,3,-59,b'303435fc8803d056d15b963f',2132,39,332,,,,,,,
1753823919,192.168.0.219:5084,4,-64,b'303435fc8803d056d15b963f',3980,39,1343,,,,,,,
1753823919,192.168.0.219:5084,1,-56,b'303435fc8803d056d15b963f',1372,39,0,,,,,,,
1753823919,192.168.0.219:5084,2,-53,b'303435fc8803d056d15b963f',3340,39,447,,,,,,,
1753823919,192.168.0.219:5084,3,-59,b'303435fc8803d056d15b963f',2548,40,-234,,,,,,,
1753823919,192.168.0.219:5084,1,-60,b'303435fc8803d056d15b963f',1972,40,234,,,,,,,
1753823919,192.168.0.219:5084,2,-56,b'303435fc8803d056d15b963f',3240,40,-39,,,,,,,
1753823919,192.168.0.219:5084,3,-58,b'303435fc8803d056d15b963f',2364,40,410,,,,,,,
1753823919,192.168.0.219:5084,4,-67,b'303435fc8803d056d15b963f',0,40,-39,,,,,,,
1753823919,192.168.0.219:5084,1,-58,b'303435fc8803d056d15b963f',1632,40,371,,,,,,,
1753823919,192.168.0.219:5084,2,-56,b'303435fc8803d056d15b963f',4000,40,3,,,,,,,
1753823919,192.168.0.219:5084,3,-58,b'303435fc8803d056d15b963f',1220,41,-39,,,,,,,
1753823919,192.168.0.219:5084,1,-55,b'303435fc8803d056d15b963f',2924,41,-488,,,,,,,
1753823919,192.168.0.219:5084,2,-56,b'303435fc8803d056d15b963f',1904,41,-78,,,,,,,
1753823919,192.168.0.219:5084,3,-58,b'303435fc8803d056d15b963f',1300,41,371,,,,,,,
1753823919,192.168.0.219:5084,4,-60,b'303435fc8803d056d15b963f',2304,41,-527,,,,,,,
1753823919,192.168.0.219:5084,1,-55,b'303435fc8803d056d15b963f',2740,41,-410,,,,,,,
1753823919,192.168.0.219:5084,2,-55,b'303435fc8803d056d15b963f',1164,41,-6,,,,,,,
1753823919,192.168.0.219:5084,3,-59,b'303435fc8803d056d15b963f',2608,42,195,,,,,,,
1753823919,192.168.0.219:5084,1,-61,b'303435fc8803d056d15b963f',1504,42,195,,,,,,,
1753823920,192.168.0.219:5084,2,-57,b'303435fc8803d056d15b963f',3116,42,-488,,,,,,,
1753823920,192.168.0.219:5084,3,-59,b'303435fc8803d056d15b963f',2692,42,-410,,,,,,,
1753823920,192.168.0.219:5084,4,-66,b'303435fc8803d056d15b963f',4072,42,-234,,,,,,,
1753823920,192.168.0.219:5084,1,-59,b'303435fc8803d056d15b963f',1448,42,78,,,,,,,
1753823920,192.168.0.219:5084,2,-56,b'303435fc8803d056d15b963f',3912,42,10,,,,,,,
1753823920,192.168.0.219:5084,3,-57,b'303435fc8803d056d15b963f',2096,43,273,,,,,,,
1753823920,192.168.0.219:5084,1,-48,b'303435fc8803d056d15b963f',3556,43,195,,,,,,,
1753823920,192.168.0.219:5084,2,-56,b'303435fc8803d056d15b963f',2052,43,761,,,,,,,
1753823920,192.168.0.219:5084,3,-55,b'303435fc8803d056d15b963f',2488,43,-332,,,,,,,
1753823920,192.168.0.219:5084,1,-48,b'303435fc8803d056d15b963f',444,43,9,,,,,,,
1753823920,192.168.0.219:5084,2,-55,b'303435fc8803d056d15b963f',576,44,117,,,,,,,
1753823920,192.168.0.219:5084,3,-55,b'303435fc8803d056d15b963f',444,44,117,,,,,,,
1753823920,192.168.0.219:5084,1,-48,b'303435fc8803d056d15b963f',2656,44,-39,,,,,,,
1753823920,192.168.0.219:5084,2,-55,b'303435fc8803d056d15b963f',3984,44,195,,,,,,,
1753823920,192.168.0.219:5084,3,-55,b'303435fc8803d056d15b963f',276,44,78,,,,,,,
1753823920,192.168.0.219:5084,1,-46,b'303435fc8803d056d15b963f',3724,45,78,,,,,,,
1753823920,192.168.0.219:5084,2,-57,b'303435fc8803d056d15b963f',1148,45,-117,,,,,,,
1753823920,192.168.0.219:5084,3,-60,b'303435fc8803d056d15b963f',1824,45,-234,,,,,,,
1753823920,192.168.0.219:5084,1,-49,b'303435fc8803d056d15b963f',3760,45,117,,,,,,,
1753823920,192.168.0.219:5084,2,-56,b'303435fc8803d056d15b963f',784,45,0,,,,,,,
1753823920,192.168.0.219:5084,3,-57,b'303435fc8803d056d15b963f',3904,46,-117,,,,,,,
1753823920,192.168.0.219:5084,1,-49,b'303435fc8803d056d15b963f',1548,46,-117,,,,,,,
1753823920,192.168.0.219:5084,2,-57,b'303435fc8803d056d15b963f',3432,46,-156,,,,,,,
1753823920,192.168.0.219:5084,3,-56,b'303435fc8803d056d15b963f',4000,46,39,,,,,,,
1753823920,192.168.0.219:5084,1,-49,b'303435fc8803d056d15b963f',1572,47,-78,,,,,,,
1753823921,192.168.0.219:5084,2,-56,b'303435fc8803d056d15b963f',1512,47,527,,,,,,,
1753823921,192.168.0.219:5084,3,-57,b'303435fc8803d056d15b963f',2432,47,117,,,,,,,
1753823921,192.168.0.219:5084,4,-74,b'303435fc8803d056d15b963f',356,47,0,,,,,,,
1753823921,192.168.0.219:5084,1,-48,b'303435fc8803d056d15b963f',1676,47,-78,,,,,,,
1753823921,192.168.0.219:5084,2,-54,b'303435fc8803d056d15b963f',676,47,127,,,,,,,
1753823921,192.168.0.219:5084,3,-61,b'303435fc8803d056d15b963f',3548,48,234,,,,,,,
1753823921,192.168.0.219:5084,1,-48,b'303435fc8803d056d15b963f',1476,48,371,,,,,,,
1753823921,192.168.0.219:5084,2,-55,b'303435fc8803d056d15b963f',2764,48,-39,,,,,,,
1753823921,192.168.0.219:5084,3,-61,b'303435fc8803d056d15b963f',3636,48,-39,,,,,,,
1753823921,192.168.0.219:5084,1,-49,b'303435fc8803d056d15b963f',2696,48,7,,,,,,,
1753823921,192.168.0.219:5084,2,-55,b'303435fc8803d056d15b963f',504,49,-78,,,,,,,
1753823921,192.168.0.219:5084,3,-54,b'303435fc8803d056d15b963f',1136,49,605,,,,,,,
1753823921,192.168.0.219:5084,1,-50,b'303435fc8803d056d15b963f',756,49,-39,,,,,,,
1753823921,192.168.0.219:5084,2,-55,b'303435fc8803d056d15b963f',444,49,488,,,,,,,
1753823921,192.168.0.219:5084,3,-54,b'303435fc8803d056d15b963f',1112,49,234,,,,,,,
1753823921,192.168.0.219:5084,4,-71,b'303435fc8803d056d15b963f',212,49,511,,,,,,,
1753823921,192.168.0.219:5084,1,-52,b'303435fc8803d056d15b963f',3408,50,195,,,,,,,
1753823921,192.168.0.219:5084,2,-56,b'303435fc8803d056d15b963f',3776,50,-78,,,,,,,
1753823921,192.168.0.219:5084,3,-58,b'303435fc8803d056d15b963f',656,50,156,,,,,,,
1753823921,192.168.0.219:5084,1,-53,b'303435fc8803d056d15b963f',28,50,156,,,,,,,
1753823921,192.168.0.219:5084,2,-55,b'303435fc8803d056d15b963f',3852,50,-39,,,,,,,
1753823921,192.168.0.219:5084,3,-58,b'303435fc8803d056d15b963f',804,1,527,,,,,,,
1753823921,192.168.0.219:5084,1,-52,b'303435fc8803d056d15b963f',2632,1,0,,,,,,,
1753823921,192.168.0.219:5084,2,-53,b'303435fc8803d056d15b963f',468,1,410,,,,,,,
1753823921,192.168.0.219:5084,3,-56,b'303435fc8803d056d15b963f',1148,1,527,,,,,,,
1753823922,192.168.0.219:5084,1,-52,b'303435fc8803d056d15b963f',2748,2,0,,,,,,,
1753823922,192.168.0.219:5084,2,-56,b'303435fc8803d056d15b963f',2976,2,39,,,,,,,
1753823922,192.168.0.219:5084,3,-55,b'303435fc8803d056d15b963f',3648,2,273,,,,,,,
1753823922,192.168.0.219:5084,1,-52,b'303435fc8803d056d15b963f',2688,2,117,,,,,,,
1753823922,192.168.0.219:5084,2,-56,b'303435fc8803d056d15b963f',268,2,-7,,,,,,,
1753823922,192.168.0.219:5084,3,-57,b'303435fc8803d056d15b963f',2600,3,39,,,,,,,
1753823922,192.168.0.219:5084,1,-50,b'303435fc8803d056d15b963f',1912,3,488,,,,,,,
1753823922,192.168.0.219:5084,2,-57,b'303435fc8803d056d15b963f',2196,3,332,,,,,,,
1753823922,192.168.0.219:5084,3,-57,b'303435fc8803d056d15b963f',2496,3,-39,,,,,,,
1753823922,192.168.0.219:5084,1,-48,b'303435fc8803d056d15b963f',316,3,332,,,,,,,
1753823922,192.168.0.219:5084,2,-54,b'303435fc8803d056d15b963f',268,4,0,,,,,,,
1753823922,192.168.0.219:5084,3,-54,b'303435fc8803d056d15b963f',620,4,117,,,,,,,
1753823922,192.168.0.219:5084,1,-48,b'303435fc8803d056d15b963f',276,4,332,,,,,,,
1753823922,192.168.0.219:5084,2,-55,b'303435fc8803d056d15b963f',3924,4,-117,,,,,,,
1753823922,192.168.0.219:5084,3,-57,b'303435fc8803d056d15b963f',924,4,9,,,,,,,
1753823922,192.168.0.219:5084,1,-52,b'303435fc8803d056d15b963f',1108,5,-39,,,,,,,
1753823922,192.168.0.219:5084,2,-58,b'303435fc8803d056d15b963f',2684,5,-39,,,,,,,
1753823922,192.168.0.219:5084,3,-58,b'303435fc8803d056d15b963f',3208,5,117,,,,,,,
1753823922,192.168.0.219:5084,4,-65,b'303435fc8803d056d15b963f',184,5,-566,,,,,,,
1753823922,192.168.0.219:5084,1,-50,b'303435fc8803d056d15b963f',1156,5,156,,,,,,,
1753823922,192.168.0.219:5084,2,-58,b'303435fc8803d056d15b963f',2736,5,-449,,,,,,,
1753823922,192.168.0.219:5084,3,-60,b'303435fc8803d056d15b963f',3588,6,-117,,,,,,,
1753823922,192.168.0.219:5084,4,-65,b'303435fc8803d056d15b963f',260,6,117,,,,,,,
1753823922,192.168.0.219:5084,1,-49,b'303435fc8803d056d15b963f',1304,6,117,,,,,,,
1753823922,192.168.0.219:5084,2,-57,b'303435fc8803d056d15b963f',2896,6,-156,,,,,,,
1753823922,192.168.0.219:5084,3,-60,b'303435fc8803d056d15b963f',3792,6,371,,,,,,,
1753823922,192.168.0.219:5084,4,-64,b'303435fc8803d056d15b963f',172,6,839,,,,,,,
1753823922,192.168.0.219:5084,1,-49,b'303435fc8803d056d15b963f',1508,6,-39,,,,,,,
1753823923,192.168.0.219:5084,2,-56,b'303435fc8803d056d15b963f',312,6,8,,,,,,,
1753823923,192.168.0.219:5084,3,-58,b'303435fc8803d056d15b963f',924,7,195,,,,,,,
1753823923,192.168.0.219:5084,1,-48,b'303435fc8803d056d15b963f',3456,7,410,,,,,,,
1753823923,192.168.0.219:5084,2,-56,b'303435fc8803d056d15b963f',508,7,-156,,,,,,,
1753823923,192.168.0.219:5084,3,-56,b'303435fc8803d056d15b963f',1184,7,449,,,,,,,
1753823923,192.168.0.219:5084,4,-61,b'303435fc8803d056d15b963f',1532,7,839,,,,,,,
1753823923,192.168.0.219:5084,1,-48,b'303435fc8803d056d15b963f',3652,7,195,,,,,,,
1753823923,192.168.0.219:5084,2,-53,b'303435fc8803d056d15b963f',3704,7,13,,,,,,,
1753823923,192.168.0.219:5084,3,-55,b'303435fc8803d056d15b963f',148,8,410,,,,,,,
1753823923,192.168.0.219:5084,1,-46,b'303435fc8803d056d15b963f',2940,8,195,,,,,,,
1753823923,192.168.0.219:5084,2,-54,b'303435fc8803d056d15b963f',3976,8,605,,,,,,,
1753823923,192.168.0.219:5084,3,-56,b'303435fc8803d056d15b963f',568,8,39,,,,,,,
1753823923,192.168.0.219:5084,4,-59,b'303435fc8803d056d15b963f',724,8,78,,,,,,,
1753823923,192.168.0.219:5084,1,-48,b'303435fc8803d056d15b963f',3148,8,371,,,,,,,
1753823923,192.168.0.219:5084,2,-54,b'303435fc8803d056d15b963f',1604,8,6,,,,,,,
1753823923,192.168.0.219:5084,3,-62,b'303435fc8803d056d15b963f',1104,9,78,,,,,,,
1753823923,192.168.0.219:5084,1,-50,b'303435fc8803d056d15b963f',1652,9,78,,,,,,,
1753823923,192.168.0.219:5084,2,-63,b'303435fc8803d056d15b963f',3592,9,449,,,,,,,
1753823923,192.168.0.219:5084,3,-62,b'303435fc8803d056d15b963f',1156,9,156,,,,,,,
1753823923,192.168.0.219:5084,4,-65,b'303435fc8803d056d15b963f',4016,9,800,,,,,,,
1753823923,192.168.0.219:5084,1,-49,b'303435fc8803d056d15b963f',1608,9,195,,,,,,,
1753823923,192.168.0.219:5084,2,-54,b'303435fc8803d056d15b963f',3156,9,3,,,,,,,
1753823923,192.168.0.219:5084,3,-56,b'303435fc8803d056d15b963f',1808,10,371,,,,,,,
1753823923,192.168.0.219:5084,1,-45,b'303435fc8803d056d15b963f',748,10,332,,,,,,,
1753823923,192.168.0.219:5084,2,-54,b'303435fc8803d056d15b963f',1256,10,0,,,,,,,
1753823923,192.168.0.219:5084,3,-55,b'303435fc8803d056d15b963f',1776,10,234,,,,,,,
1753823923,192.168.0.219:5084,1,-45,b'303435fc8803d056d15b963f',2804,10,6,,,,,,,
1753823923,192.168.0.219:5084,2,-63,b'303435fc8803d056d15b963f',3234,11,127,,,,,,,
1753823923,192.168.0.219:5084,3,-58,b'303435fc8803d056d15b963f',144,11,722,,,,,,,
1753823923,192.168.0.219:5084,1,-47,b'303435fc8803d056d15b963f',688,11,156,,,,,,,
1753823923,192.168.0.219:5084,2,-64,b'303435fc8803d056d15b963f',1020,11,639,,,,,,,
1753823923,192.168.0.219:5084,3,-58,b'303435fc8803d056d15b963f',0,11,527,,,,,,,
1753823923,192.168.0.219:5084,4,-64,b'303435fc8803d056d15b963f',204,11,-234,,,,,,,
1753823924,192.168.0.219:5084,1,-47,b'303435fc8803d056d15b963f',2400,11,12,,,,,,,
1753823924,192.168.0.219:5084,2,-64,b'303435fc8803d056d15b963f',2776,12,1855,,,,,,,
1753823924,192.168.0.219:5084,3,-57,b'303435fc8803d056d15b963f',3460,12,156,,,,,,,
1753823924,192.168.0.219:5084,1,-48,b'303435fc8803d056d15b963f',324,12,195,,,,,,,
1753823924,192.168.0.219:5084,2,-63,b'303435fc8803d056d15b963f',2864,12,0,,,,,,,
1753823924,192.168.0.219:5084,3,-57,b'303435fc8803d056d15b963f',3484,12,195,,,,,,,
1753823924,192.168.0.219:5084,4,-65,b'303435fc8803d056d15b963f',136,12,-566,,,,,,,
1753823924,192.168.0.219:5084,1,-47,b'303435fc8803d056d15b963f',932,12,3,,,,,,,
1753823924,192.168.0.219:5084,2,-55,b'303435fc8803d056d15b963f',364,13,566,,,,,,,
1753823924,192.168.0.219:5084,3,-53,b'303435fc8803d056d15b963f',528,13,-39,,,,,,,
1753823924,192.168.0.219:5084,1,-48,b'303435fc8803d056d15b963f',2908,13,78,,,,,,,
1753823924,192.168.0.219:5084,2,-55,b'303435fc8803d056d15b963f',400,13,527,,,,,,,
1753823924,192.168.0.219:5084,3,-53,b'303435fc8803d056d15b963f',532,13,-78,,,,,,,
1753823924,192.168.0.219:5084,4,-62,b'303435fc8803d056d15b963f',1532,13,-156,,,,,,,
1753823924,192.168.0.219:5084,1,-48,b'303435fc8803d056d15b963f',364,13,10,,,,,,,
1753823924,192.168.0.219:5084,2,-61,b'303435fc8803d056d15b963f',3196,14,78,,,,,,,
1753823924,192.168.0.219:5084,3,-58,b'303435fc8803d056d15b963f',3572,14,332,,,,,,,
1753823924,192.168.0.219:5084,1,-49,b'303435fc8803d056d15b963f',472,14,156,,,,,,,
1753823924,192.168.0.219:5084,2,-61,b'303435fc8803d056d15b963f',3200,14,0,,,,,,,
1753823924,192.168.0.219:5084,3,-58,b'303435fc8803d056d15b963f',3520,14,332,,,,,,,
1753823924,192.168.0.219:5084,4,-71,b'303435fc8803d056d15b963f',2720,14,1,,,,,,,
1753823924,192.168.0.219:5084,1,-47,b'303435fc8803d056d15b963f',488,15,39,,,,,,,
1753823924,192.168.0.219:5084,2,-61,b'303435fc8803d056d15b963f',3680,15,566,,,,,,,
1753823924,192.168.0.219:5084,3,-61,b'303435fc8803d056d15b963f',32,15,273,,,,,,,
1753823924,192.168.0.219:5084,1,-49,b'303435fc8803d056d15b963f',300,15,195,,,,,,,
1753823924,192.168.0.219:5084,2,-55,b'303435fc8803d056d15b963f',2740,15,-18,,,,,,,
1753823924,192.168.0.219:5084,3,-55,b'303435fc8803d056d15b963f',712,16,39,,,,,,,
1753823924,192.168.0.219:5084,1,-55,b'303435fc8803d056d15b963f',2732,16,-371,,,,,,,
1753823924,192.168.0.219:5084,2,-55,b'303435fc8803d056d15b963f',568,16,273,,,,,,,
1753823924,192.168.0.219:5084,3,-54,b'303435fc8803d056d15b963f',684,16,273,,,,,,,
1753823924,192.168.0.219:5084,4,-66,b'303435fc8803d056d15b963f',1876,16,117,,,,,,,
1753823924,192.168.0.219:5084,1,-54,b'303435fc8803d056d15b963f',2496,16,-234,,,,,,,
1753823925,192.168.0.219:5084,2,-56,b'303435fc8803d056d15b963f',200,16,2,,,,,,,
1753823925,192.168.0.219:5084,3,-56,b'303435fc8803d056d15b963f',216,17,195,,,,,,,
1753823925,192.168.0.219:5084,1,-56,b'303435fc8803d056d15b963f',2644,17,117,,,,,,,
1753823925,192.168.0.219:5084,2,-55,b'303435fc8803d056d15b963f',264,17,449,,,,,,,
1753823925,192.168.0.219:5084,3,-55,b'303435fc8803d056d15b963f',332,17,195,,,,,,,
1753823925,192.168.0.219:5084,4,-71,b'303435fc8803d056d15b963f',3812,17,-12,,,,,,,
1753823925,192.168.0.219:5084,1,-55,b'303435fc8803d056d15b963f',732,17,6,,,,,,,
1753823925,192.168.0.219:5084,2,-53,b'303435fc8803d056d15b963f',3684,18,195,,,,,,,
1753823925,192.168.0.219:5084,3,-55,b'303435fc8803d056d15b963f',3864,18,-78,,,,,,,
1753823925,192.168.0.219:5084,1,-55,b'303435fc8803d056d15b963f',2820,18,-78,,,,,,,
1753823925,192.168.0.219:5084,2,-53,b'303435fc8803d056d15b963f',3672,18,273,,,,,,,
1753823925,192.168.0.219:5084,3,-55,b'303435fc8803d056d15b963f',4048,18,195,,,,,,,
1753823925,192.168.0.219:5084,4,-68,b'303435fc8803d056d15b963f',736,18,447,,,,,,,
1753823925,192.168.0.219:5084,1,-53,b'303435fc8803d056d15b963f',136,18,-511,,,,,,,
1753823925,192.168.0.219:5084,2,-54,b'303435fc8803d056d15b963f',1944,19,0,,,,,,,
1753823925,192.168.0.219:5084,3,-55,b'303435fc8803d056d15b963f',2268,19,-234,,,,,,,
1753823925,192.168.0.219:5084,1,-59,b'303435fc8803d056d15b963f',52,19,78,,,,,,,
1753823925,192.168.0.219:5084,2,-54,b'303435fc8803d056d15b963f',2152,19,78,,,,,,,
1753823925,192.168.0.219:5084,3,-56,b'303435fc8803d056d15b963f',2528,19,-39,,,,,,,
1753823925,192.168.0.219:5084,4,-72,b'303435fc8803d056d15b963f',3916,19,13,,,,,,,
1753823925,192.168.0.219:5084,1,-50,b'303435fc8803d056d15b963f',3180,20,156,,,,,,,
1753823925,192.168.0.219:5084,2,-52,b'303435fc8803d056d15b963f',3868,20,488,,,,,,,
1753823925,192.168.0.219:5084,3,-54,b'303435fc8803d056d15b963f',56,20,273,,,,,,,
1753823925,192.168.0.219:5084,4,-61,b'303435fc8803d056d15b963f',1052,20,273,,,,,,,
1753823925,192.168.0.219:5084,1,-50,b'303435fc8803d056d15b963f',3124,20,273,,,,,,,
1753823925,192.168.0.219:5084,2,-52,b'303435fc8803d056d15b963f',3824,20,117,,,,,,,
1753823925,192.168.0.219:5084,3,-54,b'303435fc8803d056d15b963f',2640,20,12,,,,,,,
1753823925,192.168.0.219:5084,1,-51,b'303435fc8803d056d15b963f',3316,21,234,,,,,,,
1753823925,192.168.0.219:5084,2,-53,b'303435fc8803d056d15b963f',252,21,527,,,,,,,
1753823925,192.168.0.219:5084,3,-55,b'303435fc8803d056d15b963f',604,21,78,,,,,,,
1753823925,192.168.0.219:5084,4,-61,b'303435fc8803d056d15b963f',1736,21,273,,,,,,,
1753823926,192.168.0.219:5084,1,-51,b'303435fc8803d056d15b963f',3972,21,449,,,,,,,
1753823926,192.168.0.219:5084,2,-53,b'303435fc8803d056d15b963f',4064,21,156,,,,,,,
1753823926,192.168.0.219:5084,3,-54,b'303435fc8803d056d15b963f',536,22,39,,,,,,,
1753823926,192.168.0.219:5084,1,-50,b'303435fc8803d056d15b963f',1208,22,371,,,,,,,
1753823926,192.168.0.219:5084,2,-54,b'303435fc8803d056d15b963f',360,22,117,,,,,,,
1753823926,192.168.0.219:5084,3,-54,b'303435fc8803d056d15b963f',552,22,332,,,,,,,
1753823926,192.168.0.219:5084,1,-50,b'303435fc8803d056d15b963f',1228,23,195,,,,,,,
1753823926,192.168.0.219:5084,2,-53,b'303435fc8803d056d15b963f',1828,23,371,,,,,,,
1753823926,192.168.0.219:5084,3,-56,b'303435fc8803d056d15b963f',2012,23,0,,,,,,,
1753823926,192.168.0.219:5084,4,-61,b'303435fc8803d056d15b963f',3072,23,-605,,,,,,,
1753823926,192.168.0.219:5084,1,-51,b'303435fc8803d056d15b963f',1300,23,371,,,,,,,
1753823926,192.168.0.219:5084,2,-54,b'303435fc8803d056d15b963f',1948,23,488,,,,,,,
1753823926,192.168.0.219:5084,3,-57,b'303435fc8803d056d15b963f',804,23,-1,,,,,,,
1753823926,192.168.0.219:5084,1,-59,b'303435fc8803d056d15b963f',3652,24,332,,,,,,,
1753823926,192.168.0.219:5084,2,-56,b'303435fc8803d056d15b963f',704,24,566,,,,,,,
1753823926,192.168.0.219:5084,3,-56,b'303435fc8803d056d15b963f',820,24,332,,,,,,,
1753823926,192.168.0.219:5084,4,-54,b'303435fc8803d056d15b963f',1872,24,-117,,,,,,,
1753823926,192.168.0.219:5084,1,-53,b'303435fc8803d056d15b963f',240,24,234,,,,,,,
1753823926,192.168.0.219:5084,2,-52,b'303435fc8803d056d15b963f',4024,24,9,,,,,,,
1753823926,192.168.0.219:5084,3,-56,b'303435fc8803d056d15b963f',1988,25,39,,,,,,,
1753823926,192.168.0.219:5084,1,-47,b'303435fc8803d056d15b963f',1904,25,78,,,,,,,
1753823926,192.168.0.219:5084,2,-53,b'303435fc8803d056d15b963f',2044,25,195,,,,,,,
1753823926,192.168.0.219:5084,3,-58,b'303435fc8803d056d15b963f',1980,25,39,,,,,,,
1753823926,192.168.0.219:5084,4,-56,b'303435fc8803d056d15b963f',2732,25,78,,,,,,,
1753823926,192.168.0.219:5084,1,-48,b'303435fc8803d056d15b963f',2040,25,273,,,,,,,
1753823926,192.168.0.219:5084,2,-51,b'303435fc8803d056d15b963f',288,25,639,,,,,,,
1753823926,192.168.0.219:5084,3,-55,b'303435fc8803d056d15b963f',152,26,332,,,,,,,
1753823926,192.168.0.219:5084,1,-44,b'303435fc8803d056d15b963f',764,26,78,,,,,,,
1753823926,192.168.0.219:5084,2,-53,b'303435fc8803d056d15b963f',12,26,488,,,,,,,
1753823926,192.168.0.219:5084,3,-54,b'303435fc8803d056d15b963f',4016,26,371,,,,,,,
1753823927,192.168.0.219:5084,4,-53,b'303435fc8803d056d15b963f',1376,26,273,,,,,,,
1753823927,192.168.0.219:5084,1,-45,b'303435fc8803d056d15b963f',456,26,78,,,,,,,
1753823927,192.168.0.219:5084,2,-57,b'303435fc8803d056d15b963f',3152,26,-12,,,,,,,
1753823927,192.168.0.219:5084,3,-58,b'303435fc8803d056d15b963f',1424,27,195,,,,,,,
1753823927,192.168.0.219:5084,1,-48,b'303435fc8803d056d15b963f',1952,27,117,,,,,,,
1753823927,192.168.0.219:5084,2,-57,b'303435fc8803d056d15b963f',908,27,156,,,,,,,
1753823927,192.168.0.219:5084,3,-58,b'303435fc8803d056d15b963f',1460,27,156,,,,,,,
1753823927,192.168.0.219:5084,4,-54,b'303435fc8803d056d15b963f',2608,27,-78,,,,,,,
1753823927,192.168.0.219:5084,1,-48,b'303435fc8803d056d15b963f',2016,27,156,,,,,,,
1753823927,192.168.0.219:5084,2,-52,b'303435fc8803d056d15b963f',1580,27,-117,,,,,,,
1753823927,192.168.0.219:5084,3,-54,b'303435fc8803d056d15b963f',1936,28,273,,,,,,,
1753823927,192.168.0.219:5084,4,-52,b'303435fc8803d056d15b963f',3028,28,0,,,,,,,
1753823927,192.168.0.219:5084,1,-46,b'303435fc8803d056d15b963f',2528,28,-78,,,,,,,
1753823927,192.168.0.219:5084,2,-52,b'303435fc8803d056d15b963f',1036,28,0,,,,,,,
1753823927,192.168.0.219:5084,3,-55,b'303435fc8803d056d15b963f',2004,28,332,,,,,,,
1753823927,192.168.0.219:5084,4,-52,b'303435fc8803d056d15b963f',3136,28,156,,,,,,,
1753823927,192.168.0.219:5084,1,-45,b'303435fc8803d056d15b963f',2636,28,-39,,,,,,,
1753823927,192.168.0.219:5084,2,-50,b'303435fc8803d056d15b963f',584,28,319,,,,,,,
1753823927,192.168.0.219:5084,3,-54,b'303435fc8803d056d15b963f',1468,29,644,,,,,,,
1753823927,192.168.0.219:5084,1,-45,b'303435fc8803d056d15b963f',2148,29,0,,,,,,,
1753823927,192.168.0.219:5084,2,-52,b'303435fc8803d056d15b963f',532,29,117,,,,,,,
1753823927,192.168.0.219:5084,3,-54,b'303435fc8803d056d15b963f',1456,29,410,,,,,,,
1753823927,192.168.0.219:5084,4,-54,b'303435fc8803d056d15b963f',2544,29,332,,,,,,,
1753823927,192.168.0.219:5084,1,-46,b'303435fc8803d056d15b963f',1960,29,78,,,,,,,
1753823927,192.168.0.219:5084,2,-50,b'303435fc8803d056d15b963f',160,29,-15,,,,,,,
1753823927,192.168.0.219:5084,3,-55,b'303435fc8803d056d15b963f',2964,30,156,,,,,,,
1753823927,192.168.0.219:5084,1,-46,b'303435fc8803d056d15b963f',3176,30,117,,,,,,,
1753823927,192.168.0.219:5084,2,-52,b'303435fc8803d056d15b963f',1828,30,332,,,,,,,
1753823927,192.168.0.219:5084,3,-55,b'303435fc8803d056d15b963f',2816,30,-234,,,,,,,
1753823927,192.168.0.219:5084,4,-54,b'303435fc8803d056d15b963f',3676,30,332,,,,,,,
1753823927,192.168.0.219:5084,1,-47,b'303435fc8803d056d15b963f',3032,30,117,,,,,,,
1753823927,192.168.0.219:5084,2,-51,b'303435fc8803d056d15b963f',196,30,-2,,,,,,,
1753823927,192.168.0.219:5084,3,-55,b'303435fc8803d056d15b963f',896,31,566,,,,,,,
1753823927,192.168.0.219:5084,1,-51,b'303435fc8803d056d15b963f',568,31,234,,,,,,,
1753823927,192.168.0.219:5084,2,-54,b'303435fc8803d056d15b963f',3988,31,-39,,,,,,,
1753823928,192.168.0.219:5084,3,-57,b'303435fc8803d056d15b963f',760,31,39,,,,,,,
1753823928,192.168.0.219:5084,4,-60,b'303435fc8803d056d15b963f',916,31,273,,,,,,,
1753823928,192.168.0.219:5084,1,-52,b'303435fc8803d056d15b963f',792,31,449,,,,,,,
1753823928,192.168.0.219:5084,2,-53,b'303435fc8803d056d15b963f',3868,31,9,,,,,,,
1753823928,192.168.0.219:5084,3,-58,b'303435fc8803d056d15b963f',844,32,195,,,,,,,
1753823928,192.168.0.219:5084,1,-51,b'303435fc8803d056d15b963f',1100,32,-39,,,,,,,
1753823928,192.168.0.219:5084,2,-53,b'303435fc8803d056d15b963f',3832,32,117,,,,,,,
1753823928,192.168.0.219:5084,3,-58,b'303435fc8803d056d15b963f',680,32,566,,,,,,,
1753823928,192.168.0.219:5084,4,-63,b'303435fc8803d056d15b963f',1092,32,234,,,,,,,
1753823928,192.168.0.219:5084,1,-52,b'303435fc8803d056d15b963f',1116,32,-39,,,,,,,
1753823928,192.168.0.219:5084,2,-52,b'303435fc8803d056d15b963f',3244,32,2,,,,,,,
1753823928,192.168.0.219:5084,3,-58,b'303435fc8803d056d15b963f',2136,33,78,,,,,,,
1753823928,192.168.0.219:5084,1,-51,b'303435fc8803d056d15b963f',2468,33,-78,,,,,,,
1753823928,192.168.0.219:5084,2,-51,b'303435fc8803d056d15b963f',1264,33,527,,,,,,,
1753823928,192.168.0.219:5084,3,-56,b'303435fc8803d056d15b963f',2368,33,195,,,,,,,
1753823928,192.168.0.219:5084,4,-57,b'303435fc8803d056d15b963f',3332,33,-78,,,,,,,
1753823928,192.168.0.219:5084,1,-48,b'303435fc8803d056d15b963f',3144,33,156,,,,,,,
1753823928,192.168.0.219:5084,2,-50,b'303435fc8803d056d15b963f',1592,33,3,,,,,,,
1753823928,192.168.0.219:5084,3,-56,b'303435fc8803d056d15b963f',604,34,0,,,,,,,
1753823928,192.168.0.219:5084,1,-50,b'303435fc8803d056d15b963f',1444,34,39,,,,,,,
1753823928,192.168.0.219:5084,2,-53,b'303435fc8803d056d15b963f',3656,34,-117,,,,,,,
1753823928,192.168.0.219:5084,3,-56,b'303435fc8803d056d15b963f',596,34,234,,,,,,,
1753823928,192.168.0.219:5084,4,-59,b'303435fc8803d056d15b963f',2184,34,527,,,,,,,
1753823928,192.168.0.219:5084,1,-49,b'303435fc8803d056d15b963f',1368,34,117,,,,,,,
1753823928,192.168.0.219:5084,2,-54,b'303435fc8803d056d15b963f',144,34,-1,,,,,,,
1753823928,192.168.0.219:5084,3,-55,b'303435fc8803d056d15b963f',3160,35,-39,,,,,,,
1753823928,192.168.0.219:5084,1,-50,b'303435fc8803d056d15b963f',2872,35,273,,,,,,,
1753823928,192.168.0.219:5084,2,-55,b'303435fc8803d056d15b963f',2192,35,371,,,,,,,
1753823928,192.168.0.219:5084,3,-56,b'303435fc8803d056d15b963f',3152,35,-234,,,,,,,
1753823928,192.168.0.219:5084,4,-54,b'303435fc8803d056d15b963f',2832,35,-39,,,,,,,
1753823928,192.168.0.219:5084,1,-51,b'303435fc8803d056d15b963f',2732,35,332,,,,,,,
1753823928,192.168.0.219:5084,2,-54,b'303435fc8803d056d15b963f',3416,35,-3,,,,,,,
1753823928,192.168.0.219:5084,3,-57,b'303435fc8803d056d15b963f',1920,36,234,,,,,,,
1753823928,192.168.0.219:5084,1,-55,b'303435fc8803d056d15b963f',1628,36,371,,,,,,,
1753823928,192.168.0.219:5084,2,-56,b'303435fc8803d056d15b963f',1172,36,644,,,,,,,
1753823929,192.168.0.219:5084,3,-58,b'303435fc8803d056d15b963f',1740,36,156,,,,,,,
1753823929,192.168.0.219:5084,4,-58,b'303435fc8803d056d15b963f',1948,36,39,,,,,,,
1753823929,192.168.0.219:5084,1,-56,b'303435fc8803d056d15b963f',1544,36,117,,,,,,,
1753823929,192.168.0.219:5084,2,-54,b'303435fc8803d056d15b963f',156,36,6,,,,,,,
1753823929,192.168.0.219:5084,3,-58,b'303435fc8803d056d15b963f',688,37,-39,,,,,,,
1753823929,192.168.0.219:5084,1,-53,b'303435fc8803d056d15b963f',708,37,195,,,,,,,
1753823929,192.168.0.219:5084,2,-54,b'303435fc8803d056d15b963f',184,37,-39,,,,,,,
1753823929,192.168.0.219:5084,3,-58,b'303435fc8803d056d15b963f',636,37,644,,,,,,,
1753823929,192.168.0.219:5084,4,-56,b'303435fc8803d056d15b963f',1452,37,488,,,,,,,
1753823929,192.168.0.219:5084,1,-52,b'303435fc8803d056d15b963f',748,37,371,,,,,,,
1753823929,192.168.0.219:5084,2,-53,b'303435fc8803d056d15b963f',4056,37,7,,,,,,,
1753823929,192.168.0.219:5084,3,-57,b'303435fc8803d056d15b963f',2768,38,-195,,,,,,,
1753823929,192.168.0.219:5084,1,-54,b'303435fc8803d056d15b963f',2128,38,39,,,,,,,
1753823929,192.168.0.219:5084,2,-55,b'303435fc8803d056d15b963f',2036,38,332,,,,,,,
1753823929,192.168.0.219:5084,3,-57,b'303435fc8803d056d15b963f',2768,38,0,,,,,,,
1753823929,192.168.0.219:5084,4,-55,b'303435fc8803d056d15b963f',2804,38,-156,,,,,,,
1753823929,192.168.0.219:5084,1,-54,b'303435fc8803d056d15b963f',2180,38,-234,,,,,,,
1753823929,192.168.0.219:5084,2,-54,b'303435fc8803d056d15b963f',632,38,12,,,,,,,
1753823929,192.168.0.219:5084,3,-56,b'303435fc8803d056d15b963f',1292,39,332,,,,,,,
1753823929,192.168.0.219:5084,1,-47,b'303435fc8803d056d15b963f',1872,39,39,,,,,,,
1753823929,192.168.0.219:5084,2,-52,b'303435fc8803d056d15b963f',980,39,-156,,,,,,,
1753823929,192.168.0.219:5084,3,-54,b'303435fc8803d056d15b963f',1744,39,410,,,,,,,
1753823929,192.168.0.219:5084,4,-53,b'303435fc8803d056d15b963f',3092,39,-78,,,,,,,
1753823929,192.168.0.219:5084,1,-45,b'303435fc8803d056d15b963f',2552,39,39,,,,,,,
1753823929,192.168.0.219:5084,2,-51,b'303435fc8803d056d15b963f',692,39,1,,,,,,,
1753823929,192.168.0.219:5084,3,-56,b'303435fc8803d056d15b963f',3200,40,117,,,,,,,
1753823929,192.168.0.219:5084,1,-46,b'303435fc8803d056d15b963f',3428,40,156,,,,,,,
1753823929,192.168.0.219:5084,2,-52,b'303435fc8803d056d15b963f',2792,40,-527,,,,,,,
1753823929,192.168.0.219:5084,3,-56,b'303435fc8803d056d15b963f',3132,40,156,,,,,,,
1753823929,192.168.0.219:5084,4,-53,b'303435fc8803d056d15b963f',3892,40,156,,,,,,,
1753823929,192.168.0.219:5084,1,-47,b'303435fc8803d056d15b963f',3448,40,195,,,,,,,
1753823929,192.168.0.219:5084,2,-53,b'303435fc8803d056d15b963f',3304,40,2,,,,,,,
1753823929,192.168.0.219:5084,3,-57,b'303435fc8803d056d15b963f',1712,41,117,,,,,,,
1753823929,192.168.0.219:5084,1,-50,b'303435fc8803d056d15b963f',1224,41,410,,,,,,,
1753823930,192.168.0.219:5084,2,-54,b'303435fc8803d056d15b963f',1260,41,273,,,,,,,
1753823930,192.168.0.219:5084,3,-57,b'303435fc8803d056d15b963f',1720,41,-410,,,,,,,
1753823930,192.168.0.219:5084,4,-53,b'303435fc8803d056d15b963f',1712,41,234,,,,,,,
1753823930,192.168.0.219:5084,1,-50,b'303435fc8803d056d15b963f',1132,41,156,,,,,,,
1753823930,192.168.0.219:5084,2,-52,b'303435fc8803d056d15b963f',724,41,2,,,,,,,
1753823930,192.168.0.219:5084,3,-54,b'303435fc8803d056d15b963f',3100,42,410,,,,,,,
1753823930,192.168.0.219:5084,1,-45,b'303435fc8803d056d15b963f',3284,42,117,,,,,,,
1753823930,192.168.0.219:5084,2,-53,b'303435fc8803d056d15b963f',2460,42,-488,,,,,,,
1753823930,192.168.0.219:5084,3,-54,b'303435fc8803d056d15b963f',2672,42,39,,,,,,,
1753823930,192.168.0.219:5084,4,-55,b'303435fc8803d056d15b963f',3768,42,156,,,,,,,
1753823930,192.168.0.219:5084,1,-46,b'303435fc8803d056d15b963f',2920,42,117,,,,,,,
1753823930,192.168.0.219:5084,2,-53,b'303435fc8803d056d15b963f',3612,42,1919,,,,,,,
1753823930,192.168.0.219:5084,3,-54,b'303435fc8803d056d15b963f',2276,43,78,,,,,,,
1753823930,192.168.0.219:5084,1,-49,b'303435fc8803d056d15b963f',1776,43,273,,,,,,,
1753823930,192.168.0.219:5084,2,-54,b'303435fc8803d056d15b963f',1660,43,488,,,,,,,
1753823930,192.168.0.219:5084,3,-54,b'303435fc8803d056d15b963f',2208,43,605,,,,,,,
1753823930,192.168.0.219:5084,4,-56,b'303435fc8803d056d15b963f',2848,43,-195,,,,,,,
1753823930,192.168.0.219:5084,1,-49,b'303435fc8803d056d15b963f',1788,43,156,,,,,,,
1753823930,192.168.0.219:5084,2,-53,b'303435fc8803d056d15b963f',1920,43,0,,,,,,,
1753823930,192.168.0.219:5084,3,-54,b'303435fc8803d056d15b963f',308,44,371,,,,,,,
1753823930,192.168.0.219:5084,1,-47,b'303435fc8803d056d15b963f',408,44,195,,,,,,,
1753823930,192.168.0.219:5084,2,-52,b'303435fc8803d056d15b963f',3880,44,78,,,,,,,
1753823930,192.168.0.219:5084,3,-53,b'303435fc8803d056d15b963f',188,44,-39,,,,,,,
1753823930,192.168.0.219:5084,4,-57,b'303435fc8803d056d15b963f',1364,44,761,,,,,,,
1753823930,192.168.0.219:5084,1,-47,b'303435fc8803d056d15b963f',320,44,371,,,,,,,
1753823930,192.168.0.219:5084,2,-51,b'303435fc8803d056d15b963f',3792,44,-1,,,,,,,
1753823930,192.168.0.219:5084,3,-53,b'303435fc8803d056d15b963f',2156,45,156,,,,,,,
1753823930,192.168.0.219:5084,1,-50,b'303435fc8803d056d15b963f',1888,45,371,,,,,,,
1753823930,192.168.0.219:5084,2,-51,b'303435fc8803d056d15b963f',1288,45,234,,,,,,,
1753823930,192.168.0.219:5084,3,-54,b'303435fc8803d056d15b963f',1660,45,273,,,,,,,
1753823930,192.168.0.219:5084,4,-56,b'303435fc8803d056d15b963f',2316,45,449,,,,,,,
1753823930,192.168.0.219:5084,1,-51,b'303435fc8803d056d15b963f',1460,45,195,,,,,,,
1753823930,192.168.0.219:5084,2,-52,b'303435fc8803d056d15b963f',1444,45,-8,,,,,,,
1753823930,192.168.0.219:5084,3,-55,b'303435fc8803d056d15b963f',3712,46,39,,,,,,,
1753823930,192.168.0.219:5084,1,-50,b'303435fc8803d056d15b963f',276,46,78,,,,,,,
1753823931,192.168.0.219:5084,2,-58,b'303435fc8803d056d15b963f',3076,46,-605,,,,,,,
1753823931,192.168.0.219:5084,3,-56,b'303435fc8803d056d15b963f',3664,46,-273,,,,,,,
1753823931,192.168.0.219:5084,4,-66,b'303435fc8803d056d15b963f',1924,46,371,,,,,,,
1753823931,192.168.0.219:5084,1,-51,b'303435fc8803d056d15b963f',224,46,234,,,,,,,
1753823931,192.168.0.219:5084,2,-54,b'303435fc8803d056d15b963f',3200,46,10,,,,,,,
1753823931,192.168.0.219:5084,3,-58,b'303435fc8803d056d15b963f',2064,47,527,,,,,,,
1753823931,192.168.0.219:5084,1,-51,b'303435fc8803d056d15b963f',2284,47,78,,,,,,,
1753823931,192.168.0.219:5084,2,-53,b'303435fc8803d056d15b963f',1440,47,449,,,,,,,
1753823931,192.168.0.219:5084,3,-58,b'303435fc8803d056d15b963f',2248,47,410,,,,,,,
1753823931,192.168.0.219:5084,4,-61,b'303435fc8803d056d15b963f',3048,47,-156,,,,,,,
1753823931,192.168.0.219:5084,1,-51,b'303435fc8803d056d15b963f',2424,47,234,,,,,,,
1753823931,192.168.0.219:5084,2,-52,b'303435fc8803d056d15b963f',972,47,-6,,,,,,,
1753823931,192.168.0.219:5084,3,-57,b'303435fc8803d056d15b963f',48,48,39,,,,,,,
1753823931,192.168.0.219:5084,1,-57,b'303435fc8803d056d15b963f',2652,48,-39,,,,,,,
1753823931,192.168.0.219:5084,2,-54,b'303435fc8803d056d15b963f',3152,48,39,,,,,,,
1753823931,192.168.0.219:5084,3,-56,b'303435fc8803d056d15b963f',304,48,195,,,,,,,
1753823931,192.168.0.219:5084,4,-56,b'303435fc8803d056d15b963f',3352,48,-117,,,,,,,
1753823931,192.168.0.219:5084,1,-57,b'303435fc8803d056d15b963f',2772,48,-156,,,,,,,
1753823931,192.168.0.219:5084,2,-52,b'303435fc8803d056d15b963f',2544,48,18,,,,,,,
1753823931,192.168.0.219:5084,3,-56,b'303435fc8803d056d15b963f',1364,49,566,,,,,,,
1753823931,192.168.0.219:5084,1,-48,b'303435fc8803d056d15b963f',1952,49,39,,,,,,,
1753823931,192.168.0.219:5084,2,-50,b'303435fc8803d056d15b963f',824,49,-332,,,,,,,
1753823931,192.168.0.219:5084,3,-55,b'303435fc8803d056d15b963f',1636,49,371,,,,,,,
1753823931,192.168.0.219:5084,4,-56,b'303435fc8803d056d15b963f',2600,49,78,,,,,,,
1753823931,192.168.0.219:5084,1,-48,b'303435fc8803d056d15b963f',2300,49,-39,,,,,,,
1753823931,192.168.0.219:5084,2,-51,b'303435fc8803d056d15b963f',228,49,3,,,,,,,
1753823931,192.168.0.219:5084,3,-57,b'303435fc8803d056d15b963f',996,50,117,,,,,,,
1753823931,192.168.0.219:5084,1,-48,b'303435fc8803d056d15b963f',1148,50,234,,,,,,,
1753823931,192.168.0.219:5084,2,-52,b'303435fc8803d056d15b963f',48,50,156,,,,,,,
1753823931,192.168.0.219:5084,3,-57,b'303435fc8803d056d15b963f',644,50,156,,,,,,,
1753823931,192.168.0.219:5084,4,-55,b'303435fc8803d056d15b963f',744,50,332,,,,,,,
1753823931,192.168.0.219:5084,1,-49,b'303435fc8803d056d15b963f',532,50,78,,,,,,,
1753823931,192.168.0.219:5084,2,-53,b'303435fc8803d056d15b963f',8,50,-1,,,,,,,
1753823931,192.168.0.219:5084,3,-56,b'303435fc8803d056d15b963f',772,1,195,,,,,,,
1753823932,192.168.0.219:5084,1,-49,b'303435fc8803d056d15b963f',676,1,332,,,,,,,
1753823932,192.168.0.219:5084,2,-54,b'303435fc8803d056d15b963f',4072,1,332,,,,,,,
1753823932,192.168.0.219:5084,3,-56,b'303435fc8803d056d15b963f',736,1,371,,,,,,,
1753823932,192.168.0.219:5084,4,-56,b'303435fc8803d056d15b963f',888,1,332,,,,,,,
1753823932,192.168.0.219:5084,1,-50,b'303435fc8803d056d15b963f',624,1,78,,,,,,,
1753823932,192.168.0.219:5084,2,-53,b'303435fc8803d056d15b963f',84,1,319,,,,,,,
1753823932,192.168.0.219:5084,3,-58,b'303435fc8803d056d15b963f',3104,2,-273,,,,,,,
1753823932,192.168.0.219:5084,1,-58,b'303435fc8803d056d15b963f',2004,2,-410,,,,,,,
1753823932,192.168.0.219:5084,2,-57,b'303435fc8803d056d15b963f',2140,2,195,,,,,,,
1753823932,192.168.0.219:5084,3,-59,b'303435fc8803d056d15b963f',3088,2,39,,,,,,,
1753823932,192.168.0.219:5084,4,-54,b'303435fc8803d056d15b963f',2916,2,-117,,,,,,,
1753823932,192.168.0.219:5084,1,-54,b'303435fc8803d056d15b963f',2060,2,-273,,,,,,,
1753823932,192.168.0.219:5084,2,-54,b'303435fc8803d056d15b963f',3728,2,6,,,,,,,
1753823932,192.168.0.219:5084,3,-57,b'303435fc8803d056d15b963f',2404,3,527,,,,,,,
1753823932,192.168.0.219:5084,1,-54,b'303435fc8803d056d15b963f',1548,3,78,,,,,,,
1753823932,192.168.0.219:5084,2,-55,b'303435fc8803d056d15b963f',1676,3,449,,,,,,,
1753823932,192.168.0.219:5084,3,-57,b'303435fc8803d056d15b963f',2448,3,0,,,,,,,
1753823932,192.168.0.219:5084,4,-54,b'303435fc8803d056d15b963f',2384,3,156,,,,,,,
1753823932,192.168.0.219:5084,1,-53,b'303435fc8803d056d15b963f',1596,3,156,,,,,,,
1753823932,192.168.0.219:5084,2,-54,b'303435fc8803d056d15b963f',3740,3,7,,,,,,,
1753823932,192.168.0.219:5084,3,-55,b'303435fc8803d056d15b963f',336,4,-78,,,,,,,
1753823932,192.168.0.219:5084,1,-46,b'303435fc8803d056d15b963f',816,4,195,,,,,,,
1753823932,192.168.0.219:5084,2,-53,b'303435fc8803d056d15b963f',3936,4,-371,,,,,,,
1753823932,192.168.0.219:5084,3,-54,b'303435fc8803d056d15b963f',548,4,-39,,,,,,,
1753823932,192.168.0.219:5084,4,-54,b'303435fc8803d056d15b963f',1944,4,156,,,,,,,
1753823932,192.168.0.219:5084,1,-45,b'303435fc8803d056d15b963f',1156,4,156,,,,,,,
1753823932,192.168.0.219:5084,2,-52,b'303435fc8803d056d15b963f',1244,4,9,,,,,,,
1753823932,192.168.0.219:5084,3,-57,b'303435fc8803d056d15b963f',412,5,78,,,,,,,
1753823932,192.168.0.219:5084,1,-51,b'303435fc8803d056d15b963f',2908,5,-39,,,,,,,
1753823932,192.168.0.219:5084,2,-56,b'303435fc8803d056d15b963f',3380,5,39,,,,,,,
1753823932,192.168.0.219:5084,3,-57,b'303435fc8803d056d15b963f',424,5,234,,,,,,,
1753823932,192.168.0.219:5084,4,-54,b'303435fc8803d056d15b963f',3928,5,-156,,,,,,,
1753823932,192.168.0.219:5084,1,-50,b'303435fc8803d056d15b963f',2880,5,39,,,,,,,
1753823932,192.168.0.219:5084,2,-55,b'303435fc8803d056d15b963f',3504,5,191,,,,,,,
1753823932,192.168.0.219:5084,3,-57,b'303435fc8803d056d15b963f',636,6,78,,,,,,,
1753823933,192.168.0.219:5084,1,-51,b'303435fc8803d056d15b963f',2988,6,195,,,,,,,
1753823933,192.168.0.219:5084,2,-57,b'303435fc8803d056d15b963f',3564,6,-644,,,,,,,
1753823933,192.168.0.219:5084,3,-58,b'303435fc8803d056d15b963f',652,6,-78,,,,,,,
1753823933,192.168.0.219:5084,4,-54,b'303435fc8803d056d15b963f',4064,6,78,,,,,,,
1753823933,192.168.0.219:5084,1,-50,b'303435fc8803d056d15b963f',3020,6,39,,,,,,,
1753823933,192.168.0.219:5084,2,-54,b'303435fc8803d056d15b963f',488,6,8,,,,,,,
1753823933,192.168.0.219:5084,3,-56,b'303435fc8803d056d15b963f',1068,7,117,,,,,,,
1753823933,192.168.0.219:5084,1,-49,b'303435fc8803d056d15b963f',844,7,234,,,,,,,
1753823933,192.168.0.219:5084,2,-54,b'303435fc8803d056d15b963f',620,7,-156,,,,,,,
1753823933,192.168.0.219:5084,3,-56,b'303435fc8803d056d15b963f',1140,7,273,,,,,,,
1753823933,192.168.0.219:5084,4,-56,b'303435fc8803d056d15b963f',1608,7,117,,,,,,,
1753823933,192.168.0.219:5084,1,-49,b'303435fc8803d056d15b963f',876,7,371,,,,,,,
1753823933,192.168.0.219:5084,2,-54,b'303435fc8803d056d15b963f',1500,7,10,,,,,,,
1753823933,192.168.0.219:5084,3,-56,b'303435fc8803d056d15b963f',36,8,156,,,,,,,
1753823933,192.168.0.219:5084,1,-47,b'303435fc8803d056d15b963f',136,8,195,,,,,,,
1753823933,192.168.0.219:5084,2,-54,b'303435fc8803d056d15b963f',3648,8,156,,,,,,,
1753823933,192.168.0.219:5084,3,-56,b'303435fc8803d056d15b963f',60,8,371,,,,,,,
1753823933,192.168.0.219:5084,4,-57,b'303435fc8803d056d15b963f',1156,8,195,,,,,,,
1753823933,192.168.0.219:5084,1,-48,b'303435fc8803d056d15b963f',268,8,0,,,,,,,
1753823933,192.168.0.219:5084,2,-54,b'303435fc8803d056d15b963f',3524,8,6,,,,,,,
1753823933,192.168.0.219:5084,3,-57,b'303435fc8803d056d15b963f',280,9,156,,,,,,,
1753823933,192.168.0.219:5084,1,-52,b'303435fc8803d056d15b963f',3244,9,39,,,,,,,
1753823933,192.168.0.219:5084,2,-58,b'303435fc8803d056d15b963f',3508,9,234,,,,,,,
1753823933,192.168.0.219:5084,3,-57,b'303435fc8803d056d15b963f',276,9,-78,,,,,,,
1753823933,192.168.0.219:5084,4,-58,b'303435fc8803d056d15b963f',164,9,-117,,,,,,,
1753823933,192.168.0.219:5084,1,-52,b'303435fc8803d056d15b963f',3228,9,-39,,,,,,,
1753823933,192.168.0.219:5084,2,-55,b'303435fc8803d056d15b963f',2580,9,-8,,,,,,,
1753823933,192.168.0.219:5084,3,-53,b'303435fc8803d056d15b963f',1056,10,273,,,,,,,
1753823933,192.168.0.219:5084,1,-47,b'303435fc8803d056d15b963f',1876,10,195,,,,,,,
1753823933,192.168.0.219:5084,2,-53,b'303435fc8803d056d15b963f',244,10,273,,,,,,,
1753823933,192.168.0.219:5084,3,-52,b'303435fc8803d056d15b963f',832,10,332,,,,,,,
1753823933,192.168.0.219:5084,4,-60,b'303435fc8803d056d15b963f',2948,10,-644,,,,,,,
1753823933,192.168.0.219:5084,1,-46,b'303435fc8803d056d15b963f',1728,10,78,,,,,,,
1753823933,192.168.0.219:5084,2,-53,b'303435fc8803d056d15b963f',132,10,-6,,,,,,,
1753823934,192.168.0.219:5084,3,-54,b'303435fc8803d056d15b963f',2536,11,-39,,,,,,,
1753823934,192.168.0.219:5084,1,-52,b'303435fc8803d056d15b963f',2076,11,410,,,,,,,
1753823934,192.168.0.219:5084,2,-53,b'303435fc8803d056d15b963f',2088,11,195,,,,,,,
1753823934,192.168.0.219:5084,3,-54,b'303435fc8803d056d15b963f',2492,11,-78,,,,,,,
1753823934,192.168.0.219:5084,4,-55,b'303435fc8803d056d15b963f',2912,11,-195,,,,,,,
1753823934,192.168.0.219:5084,1,-52,b'303435fc8803d056d15b963f',2076,11,273,,,,,,,
1753823934,192.168.0.219:5084,2,-53,b'303435fc8803d056d15b963f',3336,11,-2,,,,,,,
1753823934,192.168.0.219:5084,3,-53,b'303435fc8803d056d15b963f',1628,12,332,,,,,,,
1753823934,192.168.0.219:5084,1,-51,b'303435fc8803d056d15b963f',1564,12,234,,,,,,,
1753823934,192.168.0.219:5084,2,-52,b'303435fc8803d056d15b963f',1288,12,0,,,,,,,
1753823934,192.168.0.219:5084,3,-53,b'303435fc8803d056d15b963f',1716,12,195,,,,,,,
1753823934,192.168.0.219:5084,4,-55,b'303435fc8803d056d15b963f',2348,12,0,,,,,,,
1753823934,192.168.0.219:5084,1,-50,b'303435fc8803d056d15b963f',2032,12,371,,,,,,,
1753823934,192.168.0.219:5084,2,-50,b'303435fc8803d056d15b963f',1344,12,10,,,,,,,
1753823934,192.168.0.219:5084,3,-55,b'303435fc8803d056d15b963f',3952,13,117,,,,,,,
1753823934,192.168.0.219:5084,1,-48,b'303435fc8803d056d15b963f',572,13,-39,,,,,,,
1753823934,192.168.0.219:5084,2,-52,b'303435fc8803d056d15b963f',3572,13,39,,,,,,,
1753823934,192.168.0.219:5084,3,-56,b'303435fc8803d056d15b963f',4092,13,0,,,,,,,
1753823934,192.168.0.219:5084,4,-60,b'303435fc8803d056d15b963f',584,13,-371,,,,,,,
1753823934,192.168.0.219:5084,1,-49,b'303435fc8803d056d15b963f',688,13,449,,,,,,,
1753823934,192.168.0.219:5084,2,-52,b'303435fc8803d056d15b963f',292,13,1,,,,,,,
1753823934,192.168.0.219:5084,3,-55,b'303435fc8803d056d15b963f',2772,14,156,,,,,,,
1753823934,192.168.0.219:5084,1,-53,b'303435fc8803d056d15b963f',2944,14,39,,,,,,,
1753823934,192.168.0.219:5084,2,-53,b'303435fc8803d056d15b963f',2340,14,234,,,,,,,
1753823934,192.168.0.219:5084,3,-55,b'303435fc8803d056d15b963f',2744,14,-117,,,,,,,
1753823934,192.168.0.219:5084,4,-58,b'303435fc8803d056d15b963f',3056,14,0,,,,,,,
1753823934,192.168.0.219:5084,1,-53,b'303435fc8803d056d15b963f',3000,14,78,,,,,,,
1753823934,192.168.0.219:5084,2,-53,b'303435fc8803d056d15b963f',848,14,7,,,,,,,
1753823934,192.168.0.219:5084,3,-56,b'303435fc8803d056d15b963f',3476,15,332,,,,,,,
1753823934,192.168.0.219:5084,1,-55,b'303435fc8803d056d15b963f',3440,15,410,,,,,,,
1753823934,192.168.0.219:5084,2,-54,b'303435fc8803d056d15b963f',2888,15,234,,,,,,,
1753823934,192.168.0.219:5084,3,-55,b'303435fc8803d056d15b963f',3436,15,-39,,,,,,,
1753823934,192.168.0.219:5084,4,-57,b'303435fc8803d056d15b963f',3596,15,-234,,,,,,,
1753823934,192.168.0.219:5084,1,-53,b'303435fc8803d056d15b963f',3456,15,449,,,,,,,
1753823935,192.168.0.219:5084,2,-51,b'303435fc8803d056d15b963f',3824,15,-1,,,,,,,
1753823935,192.168.0.219:5084,3,-56,b'303435fc8803d056d15b963f',344,16,156,,,,,,,
1753823935,192.168.0.219:5084,1,-48,b'303435fc8803d056d15b963f',1024,16,410,,,,,,,
1753823935,192.168.0.219:5084,2,-52,b'303435fc8803d056d15b963f',3300,16,-156,,,,,,,
1753823935,192.168.0.219:5084,3,-56,b'303435fc8803d056d15b963f',3932,16,371,,,,,,,
1753823935,192.168.0.219:5084,4,-58,b'303435fc8803d056d15b963f',776,16,195,,,,,,,
1753823935,192.168.0.219:5084,1,-49,b'303435fc8803d056d15b963f',428,16,78,,,,,,,
1753823935,192.168.0.219:5084,2,-53,b'303435fc8803d056d15b963f',944,16,-1,,,,,,,
1753823935,192.168.0.219:5084,3,-56,b'303435fc8803d056d15b963f',3816,17,156,,,,,,,
1753823935,192.168.0.219:5084,1,-48,b'303435fc8803d056d15b963f',288,17,78,,,,,,,
1753823935,192.168.0.219:5084,2,-54,b'303435fc8803d056d15b963f',2984,17,-117,,,,,,,
1753823935,192.168.0.219:5084,3,-56,b'303435fc8803d056d15b963f',3912,17,-117,,,,,,,
1753823935,192.168.0.219:5084,4,-58,b'303435fc8803d056d15b963f',456,17,371,,,,,,,
1753823935,192.168.0.219:5084,1,-49,b'303435fc8803d056d15b963f',332,17,78,,,,,,,
1753823935,192.168.0.219:5084,2,-54,b'303435fc8803d056d15b963f',256,17,2,,,,,,,
1753823935,192.168.0.219:5084,3,-56,b'303435fc8803d056d15b963f',3304,18,449,,,,,,,
1753823935,192.168.0.219:5084,1,-48,b'303435fc8803d056d15b963f',3832,18,39,,,,,,,
1753823935,192.168.0.219:5084,2,-54,b'303435fc8803d056d15b963f',2292,18,371,,,,,,,
1753823935,192.168.0.219:5084,3,-56,b'303435fc8803d056d15b963f',3252,18,156,,,,,,,
1753823935,192.168.0.219:5084,4,-62,b'303435fc8803d056d15b963f',3244,18,195,,,,,,,
1753823935,192.168.0.219:5084,1,-52,b'303435fc8803d056d15b963f',3116,18,0,,,,,,,
1753823935,192.168.0.219:5084,2,-56,b'303435fc8803d056d15b963f',3776,18,0,,,,,,,
1753823935,192.168.0.219:5084,3,-61,b'303435fc8803d056d15b963f',568,19,39,,,,,,,
1753823935,192.168.0.219:5084,1,-54,b'303435fc8803d056d15b963f',888,19,78,,,,,,,
1753823935,192.168.0.219:5084,2,-56,b'303435fc8803d056d15b963f',3740,19,156,,,,,,,
1753823935,192.168.0.219:5084,3,-59,b'303435fc8803d056d15b963f',592,19,156,,,,,,,
1753823935,192.168.0.219:5084,4,-58,b'303435fc8803d056d15b963f',880,19,156,,,,,,,
1753823935,192.168.0.219:5084,1,-51,b'303435fc8803d056d15b963f',836,19,195,,,,,,,
1753823935,192.168.0.219:5084,2,-55,b'303435fc8803d056d15b963f',3272,19,2,,,,,,,
1753823935,192.168.0.219:5084,3,-60,b'303435fc8803d056d15b963f',2192,20,-488,,,,,,,
1753823935,192.168.0.219:5084,1,-51,b'303435fc8803d056d15b963f',2728,20,0,,,,,,,
1753823935,192.168.0.219:5084,2,-55,b'303435fc8803d056d15b963f',1196,20,605,,,,,,,
1753823935,192.168.0.219:5084,3,-60,b'303435fc8803d056d15b963f',2144,20,683,,,,,,,
1753823935,192.168.0.219:5084,4,-59,b'303435fc8803d056d15b963f',3080,20,-78,,,,,,,
1753823935,192.168.0.219:5084,1,-50,b'303435fc8803d056d15b963f',2812,20,-117,,,,,,,
1753823936,192.168.0.219:5084,2,-55,b'303435fc8803d056d15b963f',4064,20,0,,,,,,,
1753823936,192.168.0.219:5084,3,-59,b'303435fc8803d056d15b963f',3136,21,78,,,,,,,
1753823936,192.168.0.219:5084,1,-48,b'303435fc8803d056d15b963f',3528,21,117,,,,,,,
1753823936,192.168.0.219:5084,2,-54,b'303435fc8803d056d15b963f',2148,21,234,,,,,,,
1753823936,192.168.0.219:5084,3,-57,b'303435fc8803d056d15b963f',3388,21,488,,,,,,,
1753823936,192.168.0.219:5084,4,-55,b'303435fc8803d056d15b963f',3936,21,371,,,,,,,
1753823936,192.168.0.219:5084,1,-47,b'303435fc8803d056d15b963f',3876,21,195,,,,,,,
1753823936,192.168.0.219:5084,2,-54,b'303435fc8803d056d15b963f',3576,21,7,,,,,,,
1753823936,192.168.0.219:5084,3,-59,b'303435fc8803d056d15b963f',700,22,488,,,,,,,
1753823936,192.168.0.219:5084,1,-49,b'303435fc8803d056d15b963f',1328,22,-39,,,,,,,
1753823936,192.168.0.219:5084,2,-54,b'303435fc8803d056d15b963f',3576,22,273,,,,,,,
1753823936,192.168.0.219:5084,3,-59,b'303435fc8803d056d15b963f',656,22,839,,,,,,,
1753823936,192.168.0.219:5084,4,-58,b'303435fc8803d056d15b963f',1520,22,78,,,,,,,
1753823936,192.168.0.219:5084,1,-49,b'303435fc8803d056d15b963f',1292,22,0,,,,,,,
1753823936,192.168.0.219:5084,2,-54,b'303435fc8803d056d15b963f',3080,22,7,,,,,,,
1753823936,192.168.0.219:5084,3,-60,b'303435fc8803d056d15b963f',1968,23,410,,,,,,,
1753823936,192.168.0.219:5084,1,-47,b'303435fc8803d056d15b963f',2420,23,332,,,,,,,
1753823936,192.168.0.219:5084,2,-53,b'303435fc8803d056d15b963f',1016,23,-234,,,,,,,
1753823936,192.168.0.219:5084,3,-59,b'303435fc8803d056d15b963f',1900,23,449,,,,,,,
1753823936,192.168.0.219:5084,4,-54,b'303435fc8803d056d15b963f',2852,23,-566,,,,,,,
1753823936,192.168.0.219:5084,1,-47,b'303435fc8803d056d15b963f',2372,23,195,,,,,,,
1753823936,192.168.0.219:5084,2,-53,b'303435fc8803d056d15b963f',3596,23,-6,,,,,,,
1753823936,192.168.0.219:5084,3,-58,b'303435fc8803d056d15b963f',544,24,234,,,,,,,
1753823936,192.168.0.219:5084,1,-47,b'303435fc8803d056d15b963f',576,24,39,,,,,,,
1753823936,192.168.0.219:5084,2,-53,b'303435fc8803d056d15b963f',3620,24,-234,,,,,,,
1753823936,192.168.0.219:5084,3,-57,b'303435fc8803d056d15b963f',536,24,234,,,,,,,
1753823936,192.168.0.219:5084,4,-55,b'303435fc8803d056d15b963f',628,24,39,,,,,,,
1753823936,192.168.0.219:5084,1,-48,b'303435fc8803d056d15b963f',480,24,-156,,,,,,,
1753823936,192.168.0.219:5084,2,-53,b'303435fc8803d056d15b963f',228,24,10,,,,,,,
1753823936,192.168.0.219:5084,3,-57,b'303435fc8803d056d15b963f',1512,25,488,,,,,,,
1753823936,192.168.0.219:5084,1,-46,b'303435fc8803d056d15b963f',2008,25,-39,,,,,,,
1753823936,192.168.0.219:5084,2,-52,b'303435fc8803d056d15b963f',696,25,-39,,,,,,,
1753823936,192.168.0.219:5084,3,-56,b'303435fc8803d056d15b963f',2056,25,-156,,,,,,,
1753823936,192.168.0.219:5084,4,-53,b'303435fc8803d056d15b963f',3036,25,-39,,,,,,,
1753823936,192.168.0.219:5084,1,-45,b'303435fc8803d056d15b963f',2508,25,78,,,,,,,
1753823937,192.168.0.219:5084,2,-53,b'303435fc8803d056d15b963f',3640,25,2,,,,,,,
1753823937,192.168.0.219:5084,3,-54,b'303435fc8803d056d15b963f',684,26,332,,,,,,,
1753823937,192.168.0.219:5084,1,-47,b'303435fc8803d056d15b963f',1360,26,195,,,,,,,
1753823937,192.168.0.219:5084,2,-55,b'303435fc8803d056d15b963f',3600,26,1289,,,,,,,
1753823937,192.168.0.219:5084,3,-54,b'303435fc8803d056d15b963f',720,26,117,,,,,,,
1753823937,192.168.0.219:5084,4,-55,b'303435fc8803d056d15b963f',2112,26,39,,,,,,,
1753823937,192.168.0.219:5084,1,-47,b'303435fc8803d056d15b963f',1348,26,234,,,,,,,
1753823937,192.168.0.219:5084,2,-53,b'303435fc8803d056d15b963f',3680,26,1,,,,,,,
1753823937,192.168.0.219:5084,3,-55,b'303435fc8803d056d15b963f',2872,27,39,,,,,,,
1753823937,192.168.0.219:5084,1,-46,b'303435fc8803d056d15b963f',3076,27,78,,,,,,,
1753823937,192.168.0.219:5084,2,-54,b'303435fc8803d056d15b963f',1748,27,-273,,,,,,,
1753823937,192.168.0.219:5084,3,-56,b'303435fc8803d056d15b963f',2900,27,156,,,,,,,
1753823937,192.168.0.219:5084,4,-53,b'303435fc8803d056d15b963f',3784,27,234,,,,,,,
1753823937,192.168.0.219:5084,1,-46,b'303435fc8803d056d15b963f',3160,27,78,,,,,,,
1753823937,192.168.0.219:5084,2,-53,b'303435fc8803d056d15b963f',3568,27,-127,,,,,,,
1753823937,192.168.0.219:5084,3,-55,b'303435fc8803d056d15b963f',2676,28,-117,,,,,,,
1753823937,192.168.0.219:5084,1,-46,b'303435fc8803d056d15b963f',2972,28,39,,,,,,,
1753823937,192.168.0.219:5084,2,-54,b'303435fc8803d056d15b963f',1528,28,195,,,,,,,
1753823937,192.168.0.219:5084,3,-55,b'303435fc8803d056d15b963f',2668,28,-117,,,,,,,
1753823937,192.168.0.219:5084,4,-53,b'303435fc8803d056d15b963f',3520,28,273,,,,,,,
1753823937,192.168.0.219:5084,1,-46,b'303435fc8803d056d15b963f',2940,28,78,,,,,,,
1753823937,192.168.0.219:5084,2,-54,b'303435fc8803d056d15b963f',3128,28,3,,,,,,,
1753823937,192.168.0.219:5084,3,-55,b'303435fc8803d056d15b963f',2068,29,39,,,,,,,
1753823937,192.168.0.219:5084,1,-47,b'303435fc8803d056d15b963f',2452,29,195,,,,,,,
1753823937,192.168.0.219:5084,2,-55,b'303435fc8803d056d15b963f',1044,29,39,,,,,,,
1753823937,192.168.0.219:5084,3,-55,b'303435fc8803d056d15b963f',1976,29,273,,,,,,,
1753823937,192.168.0.219:5084,4,-55,b'303435fc8803d056d15b963f',3000,29,156,,,,,,,
1753823937,192.168.0.219:5084,1,-46,b'303435fc8803d056d15b963f',2248,29,39,,,,,,,
1753823937,192.168.0.219:5084,2,-51,b'303435fc8803d056d15b963f',636,29,-1,,,,,,,
1753823937,192.168.0.219:5084,3,-54,b'303435fc8803d056d15b963f',3560,30,-39,,,,,,,
1753823937,192.168.0.219:5084,1,-46,b'303435fc8803d056d15b963f',3588,30,78,,,,,,,
1753823937,192.168.0.219:5084,2,-52,b'303435fc8803d056d15b963f',2456,30,39,,,,,,,
1753823937,192.168.0.219:5084,3,-53,b'303435fc8803d056d15b963f',3280,30,195,,,,,,,
1753823937,192.168.0.219:5084,4,-55,b'303435fc8803d056d15b963f',60,30,332,,,,,,,
1753823937,192.168.0.219:5084,1,-45,b'303435fc8803d056d15b963f',3340,30,-117,,,,,,,
1753823938,192.168.0.219:5084,2,-51,b'303435fc8803d056d15b963f',536,30,447,,,,,,,
1753823938,192.168.0.219:5084,3,-54,b'303435fc8803d056d15b963f',1456,31,410,,,,,,,
1753823938,192.168.0.219:5084,1,-48,b'303435fc8803d056d15b963f',1132,31,371,,,,,,,
1753823938,192.168.0.219:5084,2,-53,b'303435fc8803d056d15b963f',500,31,-156,,,,,,,
1753823938,192.168.0.219:5084,3,-54,b'303435fc8803d056d15b963f',1416,31,371,,,,,,,
1753823938,192.168.0.219:5084,4,-57,b'303435fc8803d056d15b963f',1492,31,156,,,,,,,
1753823938,192.168.0.219:5084,1,-48,b'303435fc8803d056d15b963f',1116,31,117,,,,,,,
1753823938,192.168.0.219:5084,2,-52,b'303435fc8803d056d15b963f',3984,31,10,,,,,,,
1753823938,192.168.0.219:5084,3,-56,b'303435fc8803d056d15b963f',956,32,234,,,,,,,
1753823938,192.168.0.219:5084,1,-47,b'303435fc8803d056d15b963f',1432,32,195,,,,,,,
1753823938,192.168.0.219:5084,2,-55,b'303435fc8803d056d15b963f',4024,32,-527,,,,,,,
1753823938,192.168.0.219:5084,3,-56,b'303435fc8803d056d15b963f',908,32,566,,,,,,,
1753823938,192.168.0.219:5084,4,-55,b'303435fc8803d056d15b963f',1976,32,-78,,,,,,,
1753823938,192.168.0.219:5084,1,-47,b'303435fc8803d056d15b963f',1392,32,39,,,,,,,
1753823938,192.168.0.219:5084,2,-53,b'303435fc8803d056d15b963f',3252,32,-1,,,,,,,
1753823938,192.168.0.219:5084,3,-55,b'303435fc8803d056d15b963f',2272,33,449,,,,,,,
1753823938,192.168.0.219:5084,1,-47,b'303435fc8803d056d15b963f',2508,33,-78,,,,,,,
1753823938,192.168.0.219:5084,2,-53,b'303435fc8803d056d15b963f',988,33,371,,,,,,,
1753823938,192.168.0.219:5084,3,-55,b'303435fc8803d056d15b963f',2244,33,156,,,,,,,
1753823938,192.168.0.219:5084,4,-55,b'303435fc8803d056d15b963f',3144,33,156,,,,,,,
1753823938,192.168.0.219:5084,1,-47,b'303435fc8803d056d15b963f',2512,33,-195,,,,,,,
1753823938,192.168.0.219:5084,2,-52,b'303435fc8803d056d15b963f',1100,33,156,,,,,,,
1753823938,192.168.0.219:5084,3,-55,b'303435fc8803d056d15b963f',168,34,234,,,,,,,
1753823938,192.168.0.219:5084,4,-56,b'303435fc8803d056d15b963f',1632,34,78,,,,,,,
1753823938,192.168.0.219:5084,1,-47,b'303435fc8803d056d15b963f',1292,34,117,,,,,,,
1753823938,192.168.0.219:5084,2,-53,b'303435fc8803d056d15b963f',3680,34,-371,,,,,,,
1753823938,192.168.0.219:5084,3,-55,b'303435fc8803d056d15b963f',880,34,39,,,,,,,
1753823938,192.168.0.219:5084,4,-62,b'303435fc8803d056d15b963f',2104,34,-332,,,,,,,
1753823938,192.168.0.219:5084,1,-50,b'303435fc8803d056d15b963f',1544,34,78,,,,,,,
1753823938,192.168.0.219:5084,2,-54,b'303435fc8803d056d15b963f',2712,34,959,,,,,,,
1753823938,192.168.0.219:5084,3,-56,b'303435fc8803d056d15b963f',3980,35,-39,,,,,,,
1753823938,192.168.0.219:5084,1,-56,b'303435fc8803d056d15b963f',3252,35,195,,,,,,,
1753823938,192.168.0.219:5084,2,-56,b'303435fc8803d056d15b963f',2788,35,-117,,,,,,,
1753823938,192.168.0.219:5084,3,-56,b'303435fc8803d056d15b963f',3960,35,273,,,,,,,
1753823938,192.168.0.219:5084,4,-58,b'303435fc8803d056d15b963f',2896,35,78,,,,,,,
1753823939,192.168.0.219:5084,1,-57,b'303435fc8803d056d15b963f',3308,35,195,,,,,,,
1753823939,192.168.0.219:5084,2,-55,b'303435fc8803d056d15b963f',356,35,6,,,,,,,
1753823939,192.168.0.219:5084,3,-56,b'303435fc8803d056d15b963f',3352,36,566,,,,,,,
1753823939,192.168.0.219:5084,1,-55,b'303435fc8803d056d15b963f',3100,36,-39,,,,,,,
1753823939,192.168.0.219:5084,2,-54,b'303435fc8803d056d15b963f',2384,36,234,,,,,,,
1753823939,192.168.0.219:5084,3,-55,b'303435fc8803d056d15b963f',3356,36,78,,,,,,,
1753823939,192.168.0.219:5084,4,-57,b'303435fc8803d056d15b963f',2672,36,0,,,,,,,
1753823939,192.168.0.219:5084,1,-55,b'303435fc8803d056d15b963f',3064,36,78,,,,,,,
1753823939,192.168.0.219:5084,2,-52,b'303435fc8803d056d15b963f',3268,36,-1,,,,,,,
1753823939,192.168.0.219:5084,3,-56,b'303435fc8803d056d15b963f',2184,37,-410,,,,,,,
1753823939,192.168.0.219:5084,1,-51,b'303435fc8803d056d15b963f',2252,37,78,,,,,,,
1753823939,192.168.0.219:5084,2,-52,b'303435fc8803d056d15b963f',1120,37,410,,,,,,,
1753823939,192.168.0.219:5084,3,-56,b'303435fc8803d056d15b963f',2096,37,117,,,,,,,
1753823939,192.168.0.219:5084,4,-56,b'303435fc8803d056d15b963f',2012,37,-78,,,,,,,
1753823939,192.168.0.219:5084,1,-50,b'303435fc8803d056d15b963f',2072,37,273,,,,,,,
1753823939,192.168.0.219:5084,2,-52,b'303435fc8803d056d15b963f',800,37,78,,,,,,,
1753823939,192.168.0.219:5084,3,-55,b'303435fc8803d056d15b963f',3720,38,156,,,,,,,
1753823939,192.168.0.219:5084,4,-53,b'303435fc8803d056d15b963f',3036,38,-156,,,,,,,
1753823939,192.168.0.219:5084,1,-52,b'303435fc8803d056d15b963f',3004,38,78,,,,,,,
1753823939,192.168.0.219:5084,2,-54,b'303435fc8803d056d15b963f',2300,38,0,,,,,,,
1753823939,192.168.0.219:5084,3,-55,b'303435fc8803d056d15b963f',3620,38,-156,,,,,,,
1753823939,192.168.0.219:5084,4,-54,b'303435fc8803d056d15b963f',3032,38,-410,,,,,,,
1753823939,192.168.0.219:5084,1,-51,b'303435fc8803d056d15b963f',3008,38,39,,,,,,,
1753823939,192.168.0.219:5084,2,-51,b'303435fc8803d056d15b963f',800,38,959,,,,,,,
1753823939,192.168.0.219:5084,3,-56,b'303435fc8803d056d15b963f',2328,39,-273,,,,,,,
1753823939,192.168.0.219:5084,1,-48,b'303435fc8803d056d15b963f',2832,39,78,,,,,,,
1753823939,192.168.0.219:5084,2,-52,b'303435fc8803d056d15b963f',1004,39,78,,,,,,,
1753823939,192.168.0.219:5084,3,-56,b'303435fc8803d056d15b963f',2496,39,-527,,,,,,,
1753823939,192.168.0.219:5084,4,-57,b'303435fc8803d056d15b963f',3120,39,-117,,,,,,,
1753823939,192.168.0.219:5084,1,-49,b'303435fc8803d056d15b963f',2500,39,78,,,,,,,
1753823939,192.168.0.219:5084,2,-53,b'303435fc8803d056d15b963f',3620,39,1,,,,,,,
1753823939,192.168.0.219:5084,3,-56,b'303435fc8803d056d15b963f',2892,40,234,,,,,,,
1753823939,192.168.0.219:5084,1,-49,b'303435fc8803d056d15b963f',3216,40,78,,,,,,,
1753823939,192.168.0.219:5084,2,-53,b'303435fc8803d056d15b963f',1508,40,-156,,,,,,,
1753823939,192.168.0.219:5084,3,-56,b'303435fc8803d056d15b963f',2836,40,332,,,,,,,
1753823940,192.168.0.219:5084,4,-58,b'303435fc8803d056d15b963f',3868,40,234,,,,,,,
1753823940,192.168.0.219:5084,1,-49,b'303435fc8803d056d15b963f',3128,40,-39,,,,,,,
1753823940,192.168.0.219:5084,2,-52,b'303435fc8803d056d15b963f',4056,40,1,,,,,,,
1753823940,192.168.0.219:5084,3,-56,b'303435fc8803d056d15b963f',948,41,117,,,,,,,
1753823940,192.168.0.219:5084,1,-49,b'303435fc8803d056d15b963f',1056,41,234,,,,,,,
1753823940,192.168.0.219:5084,2,-52,b'303435fc8803d056d15b963f',4020,41,371,,,,,,,
1753823940,192.168.0.219:5084,3,-56,b'303435fc8803d056d15b963f',928,41,371,,,,,,,
1753823940,192.168.0.219:5084,4,-55,b'303435fc8803d056d15b963f',1464,41,527,,,,,,,
1753823940,192.168.0.219:5084,1,-48,b'303435fc8803d056d15b963f',1492,41,234,,,,,,,
1753823940,192.168.0.219:5084,2,-52,b'303435fc8803d056d15b963f',216,41,9,,,,,,,
1753823940,192.168.0.219:5084,3,-55,b'303435fc8803d056d15b963f',3500,42,-78,,,,,,,
1753823940,192.168.0.219:5084,1,-46,b'303435fc8803d056d15b963f',3788,42,-78,,,,,,,
1753823940,192.168.0.219:5084,2,-52,b'303435fc8803d056d15b963f',2256,42,-39,,,,,,,
1753823940,192.168.0.219:5084,3,-55,b'303435fc8803d056d15b963f',3416,42,156,,,,,,,
1753823940,192.168.0.219:5084,4,-52,b'303435fc8803d056d15b963f',480,42,39,,,,,,,
1753823940,192.168.0.219:5084,1,-45,b'303435fc8803d056d15b963f',3748,42,117,,,,,,,
1753823940,192.168.0.219:5084,2,-52,b'303435fc8803d056d15b963f',2236,42,488,,,,,,,
1753823940,192.168.0.219:5084,3,-55,b'303435fc8803d056d15b963f',2256,43,39,,,,,,,
1753823940,192.168.0.219:5084,4,-53,b'303435fc8803d056d15b963f',2492,43,371,,,,,,,
1753823940,192.168.0.219:5084,1,-48,b'303435fc8803d056d15b963f',2168,43,410,,,,,,,
1753823940,192.168.0.219:5084,2,-52,b'303435fc8803d056d15b963f',1176,43,156,,,,,,,
1753823940,192.168.0.219:5084,3,-55,b'303435fc8803d056d15b963f',2312,43,117,,,,,,,
1753823940,192.168.0.219:5084,4,-53,b'303435fc8803d056d15b963f',2568,43,-78,,,,,,,
1753823940,192.168.0.219:5084,1,-49,b'303435fc8803d056d15b963f',2228,43,195,,,,,,,
1753823940,192.168.0.219:5084,2,-51,b'303435fc8803d056d15b963f',3632,43,831,,,,,,,
1753823940,192.168.0.219:5084,3,-56,b'303435fc8803d056d15b963f',652,44,117,,,,,,,
1753823940,192.168.0.219:5084,1,-48,b'303435fc8803d056d15b963f',740,44,371,,,,,,,
1753823940,192.168.0.219:5084,2,-54,b'303435fc8803d056d15b963f',3756,44,410,,,,,,,
1753823940,192.168.0.219:5084,3,-55,b'303435fc8803d056d15b963f',696,44,156,,,,,,,
1753823940,192.168.0.219:5084,4,-54,b'303435fc8803d056d15b963f',1104,44,78,,,,,,,
1753823940,192.168.0.219:5084,1,-48,b'303435fc8803d056d15b963f',768,44,234,,,,,,,
1753823940,192.168.0.219:5084,2,-54,b'303435fc8803d056d15b963f',3768,44,1,,,,,,,
1753823940,192.168.0.219:5084,3,-55,b'303435fc8803d056d15b963f',2728,45,0,,,,,,,
1753823940,192.168.0.219:5084,1,-50,b'303435fc8803d056d15b963f',2224,45,410,,,,,,,
1753823940,192.168.0.219:5084,2,-54,b'303435fc8803d056d15b963f',1696,45,0,,,,,,,
1753823940,192.168.0.219:5084,3,-55,b'303435fc8803d056d15b963f',2692,45,-234,,,,,,,
1753823941,192.168.0.219:5084,4,-53,b'303435fc8803d056d15b963f',2580,45,39,,,,,,,
1753823941,192.168.0.219:5084,1,-51,b'303435fc8803d056d15b963f',2152,45,39,,,,,,,
1753823941,192.168.0.219:5084,2,-54,b'303435fc8803d056d15b963f',44,45,2,,,,,,,
1753823941,192.168.0.219:5084,3,-53,b'303435fc8803d056d15b963f',708,46,0,,,,,,,
1753823941,192.168.0.219:5084,1,-46,b'303435fc8803d056d15b963f',1412,46,234,,,,,,,
1753823941,192.168.0.219:5084,2,-55,b'303435fc8803d056d15b963f',40,46,-117,,,,,,,
1753823941,192.168.0.219:5084,3,-51,b'303435fc8803d056d15b963f',700,46,195,,,,,,,
1753823941,192.168.0.219:5084,4,-55,b'303435fc8803d056d15b963f',2748,46,-39,,,,,,,
1753823941,192.168.0.219:5084,1,-47,b'303435fc8803d056d15b963f',1612,46,-78,,,,,,,
1753823941,192.168.0.219:5084,2,-54,b'303435fc8803d056d15b963f',392,46,1,,,,,,,
1753823941,192.168.0.219:5084,3,-54,b'303435fc8803d056d15b963f',3328,47,117,,,,,,,
1753823941,192.168.0.219:5084,1,-48,b'303435fc8803d056d15b963f',3664,47,195,,,,,,,
1753823941,192.168.0.219:5084,2,-54,b'303435fc8803d056d15b963f',2456,47,449,,,,,,,
1753823941,192.168.0.219:5084,3,-54,b'303435fc8803d056d15b963f',3328,47,78,,,,,,,
1753823941,192.168.0.219:5084,4,-55,b'303435fc8803d056d15b963f',812,47,78,,,,,,,
1753823941,192.168.0.219:5084,1,-48,b'303435fc8803d056d15b963f',3732,47,156,,,,,,,
1753823941,192.168.0.219:5084,2,-54,b'303435fc8803d056d15b963f',2448,47,-78,,,,,,,
1753823941,192.168.0.219:5084,3,-56,b'303435fc8803d056d15b963f',784,48,371,,,,,,,
1753823941,192.168.0.219:5084,4,-55,b'303435fc8803d056d15b963f',944,48,117,,,,,,,
1753823941,192.168.0.219:5084,1,-53,b'303435fc8803d056d15b963f',3600,48,78,,,,,,,
1753823941,192.168.0.219:5084,2,-55,b'303435fc8803d056d15b963f',3968,48,156,,,,,,,
1753823941,192.168.0.219:5084,3,-56,b'303435fc8803d056d15b963f',756,48,-78,,,,,,,
1753823941,192.168.0.219:5084,4,-55,b'303435fc8803d056d15b963f',964,48,78,,,,,,,
1753823941,192.168.0.219:5084,1,-53,b'303435fc8803d056d15b963f',3580,48,-273,,,,,,,
1753823941,192.168.0.219:5084,2,-51,b'303435fc8803d056d15b963f',876,48,-447,,,,,,,
1753823941,192.168.0.219:5084,3,-52,b'303435fc8803d056d15b963f',1336,49,761,,,,,,,
1753823941,192.168.0.219:5084,1,-47,b'303435fc8803d056d15b963f',2252,49,0,,,,,,,
1753823941,192.168.0.219:5084,2,-53,b'303435fc8803d056d15b963f',288,49,-156,,,,,,,
1753823941,192.168.0.219:5084,3,-53,b'303435fc8803d056d15b963f',1016,49,566,,,,,,,
1753823941,192.168.0.219:5084,4,-55,b'303435fc8803d056d15b963f',3328,49,117,,,,,,,
1753823941,192.168.0.219:5084,1,-48,b'303435fc8803d056d15b963f',1980,49,39,,,,,,,
1753823941,192.168.0.219:5084,2,-51,b'303435fc8803d056d15b963f',3516,49,1,,,,,,,
1753823941,192.168.0.219:5084,3,-55,b'303435fc8803d056d15b963f',124,50,78,,,,,,,
1753823941,192.168.0.219:5084,1,-49,b'303435fc8803d056d15b963f',868,50,410,,,,,,,
1753823941,192.168.0.219:5084,2,-50,b'303435fc8803d056d15b963f',3464,50,-234,,,,,,,
1753823942,192.168.0.219:5084,3,-54,b'303435fc8803d056d15b963f',4012,50,0,,,,,,,
1753823942,192.168.0.219:5084,4,-57,b'303435fc8803d056d15b963f',1192,50,566,,,,,,,
1753823942,192.168.0.219:5084,1,-49,b'303435fc8803d056d15b963f',744,50,195,,,,,,,
1753823942,192.168.0.219:5084,2,-49,b'303435fc8803d056d15b963f',1600,50,26,,,,,,,
1753823942,192.168.0.219:5084,3,-54,b'303435fc8803d056d15b963f',636,1,156,,,,,,,
1753823942,192.168.0.219:5084,1,-50,b'303435fc8803d056d15b963f',1980,1,156,,,,,,,
1753823942,192.168.0.219:5084,2,-50,b'303435fc8803d056d15b963f',256,1,78,,,,,,,
1753823942,192.168.0.219:5084,3,-56,b'303435fc8803d056d15b963f',928,1,156,,,,,,,
1753823942,192.168.0.219:5084,4,-58,b'303435fc8803d056d15b963f',1948,1,-234,,,,,,,
1753823942,192.168.0.219:5084,1,-50,b'303435fc8803d056d15b963f',2204,1,0,,,,,,,
1753823942,192.168.0.219:5084,2,-51,b'303435fc8803d056d15b963f',124,1,0,,,,,,,
1753823942,192.168.0.219:5084,3,-53,b'303435fc8803d056d15b963f',3796,2,78,,,,,,,
1753823942,192.168.0.219:5084,4,-56,b'303435fc8803d056d15b963f',4048,2,0,,,,,,,
1753823942,192.168.0.219:5084,1,-52,b'303435fc8803d056d15b963f',392,2,273,,,,,,,
1753823942,192.168.0.219:5084,2,-56,b'303435fc8803d056d15b963f',2576,2,-78,,,,,,,
1753823942,192.168.0.219:5084,3,-52,b'303435fc8803d056d15b963f',3756,2,-156,,,,,,,
1753823942,192.168.0.219:5084,4,-56,b'303435fc8803d056d15b963f',4064,2,-156,,,,,,,
1753823942,192.168.0.219:5084,1,-51,b'303435fc8803d056d15b963f',432,2,117,,,,,,,
1753823942,192.168.0.219:5084,2,-56,b'303435fc8803d056d15b963f',3604,2,191,,,,,,,
1753823942,192.168.0.219:5084,3,-53,b'303435fc8803d056d15b963f',2612,3,-156,,,,,,,
1753823942,192.168.0.219:5084,1,-50,b'303435fc8803d056d15b963f',3964,3,-117,,,,,,,
1753823942,192.168.0.219:5084,2,-58,b'303435fc8803d056d15b963f',1296,3,722,,,,,,,
1753823942,192.168.0.219:5084,3,-52,b'303435fc8803d056d15b963f',2392,3,-78,,,,,,,
1753823942,192.168.0.219:5084,4,-54,b'303435fc8803d056d15b963f',3352,3,117,,,,,,,
1753823942,192.168.0.219:5084,1,-49,b'303435fc8803d056d15b963f',3628,3,78,,,,,,,
1753823942,192.168.0.219:5084,2,-52,b'303435fc8803d056d15b963f',408,3,1,,,,,,,
1753823942,192.168.0.219:5084,3,-57,b'303435fc8803d056d15b963f',3992,4,-78,,,,,,,
1753823942,192.168.0.219:5084,1,-54,b'303435fc8803d056d15b963f',3084,4,117,,,,,,,
1753823942,192.168.0.219:5084,2,-53,b'303435fc8803d056d15b963f',2364,4,117,,,,,,,
1753823942,192.168.0.219:5084,3,-57,b'303435fc8803d056d15b963f',3832,4,39,,,,,,,
1753823942,192.168.0.219:5084,4,-55,b'303435fc8803d056d15b963f',2672,4,273,,,,,,,
1753823942,192.168.0.219:5084,1,-54,b'303435fc8803d056d15b963f',2956,4,-78,,,,,,,
1753823942,192.168.0.219:5084,2,-54,b'303435fc8803d056d15b963f',3444,4,0,,,,,,,
1753823942,192.168.0.219:5084,3,-51,b'303435fc8803d056d15b963f',3140,5,0,,,,,,,
1753823942,192.168.0.219:5084,1,-50,b'303435fc8803d056d15b963f',16,5,117,,,,,,,
1753823942,192.168.0.219:5084,2,-62,b'303435fc8803d056d15b963f',1544,5,39,,,,,,,
1753823943,192.168.0.219:5084,3,-51,b'303435fc8803d056d15b963f',3144,5,-78,,,,,,,
1753823943,192.168.0.219:5084,4,-54,b'303435fc8803d056d15b963f',3708,5,-39,,,,,,,
1753823943,192.168.0.219:5084,1,-50,b'303435fc8803d056d15b963f',3904,5,273,,,,,,,
1753823943,192.168.0.219:5084,2,-59,b'303435fc8803d056d15b963f',4028,5,9,,,,,,,
1753823943,192.168.0.219:5084,3,-51,b'303435fc8803d056d15b963f',3420,6,78,,,,,,,
1753823943,192.168.0.219:5084,1,-50,b'303435fc8803d056d15b963f',60,6,195,,,,,,,
1753823943,192.168.0.219:5084,2,-59,b'303435fc8803d056d15b963f',2508,6,-117,,,,,,,
1753823943,192.168.0.219:5084,3,-53,b'303435fc8803d056d15b963f',8,6,156,,,,,,,
1753823943,192.168.0.219:5084,4,-51,b'303435fc8803d056d15b963f',288,6,78,,,,,,,
1753823943,192.168.0.219:5084,1,-50,b'303435fc8803d056d15b963f',452,6,117,,,,,,,
1753823943,192.168.0.219:5084,2,-55,b'303435fc8803d056d15b963f',1644,6,1,,,,,,,
1753823943,192.168.0.219:5084,3,-54,b'303435fc8803d056d15b963f',204,7,371,,,,,,,
1753823943,192.168.0.219:5084,1,-49,b'303435fc8803d056d15b963f',1728,7,371,,,,,,,
1753823943,192.168.0.219:5084,2,-54,b'303435fc8803d056d15b963f',3624,7,234,,,,,,,
1753823943,192.168.0.219:5084,3,-54,b'303435fc8803d056d15b963f',320,7,449,,,,,,,
1753823943,192.168.0.219:5084,4,-48,b'303435fc8803d056d15b963f',952,7,78,,,,,,,
1753823943,192.168.0.219:5084,1,-49,b'303435fc8803d056d15b963f',1548,7,273,,,,,,,
1753823943,192.168.0.219:5084,2,-53,b'303435fc8803d056d15b963f',3436,7,-117,,,,,,,
1753823943,192.168.0.219:5084,3,-54,b'303435fc8803d056d15b963f',3408,8,195,,,,,,,
1753823943,192.168.0.219:5084,4,-51,b'303435fc8803d056d15b963f',3984,8,332,,,,,,,
1753823943,192.168.0.219:5084,1,-52,b'303435fc8803d056d15b963f',600,8,-78,,,,,,,
1753823943,192.168.0.219:5084,2,-54,b'303435fc8803d056d15b963f',2604,8,-488,,,,,,,
1753823943,192.168.0.219:5084,3,-57,b'303435fc8803d056d15b963f',4028,8,-234,,,,,,,
1753823943,192.168.0.219:5084,4,-54,b'303435fc8803d056d15b963f',3964,8,273,,,,,,,
1753823943,192.168.0.219:5084,1,-56,b'303435fc8803d056d15b963f',540,8,78,,,,,,,
1753823943,192.168.0.219:5084,2,-53,b'303435fc8803d056d15b963f',808,8,447,,,,,,,
1753823943,192.168.0.219:5084,3,-56,b'303435fc8803d056d15b963f',500,9,273,,,,,,,
1753823943,192.168.0.219:5084,1,-62,b'303435fc8803d056d15b963f',2656,9,-800,,,,,,,
1753823943,192.168.0.219:5084,2,-61,b'303435fc8803d056d15b963f',2956,9,-39,,,,,,,
1753823943,192.168.0.219:5084,3,-56,b'303435fc8803d056d15b963f',776,9,-332,,,,,,,
1753823943,192.168.0.219:5084,4,-54,b'303435fc8803d056d15b963f',3268,9,78,,,,,,,
1753823943,192.168.0.219:5084,1,-61,b'303435fc8803d056d15b963f',1812,9,234,,,,,,,
1753823943,192.168.0.219:5084,2,-59,b'303435fc8803d056d15b963f',3980,9,10,,,,,,,
1753823943,192.168.0.219:5084,3,-56,b'303435fc8803d056d15b963f',2612,10,195,,,,,,,
1753823944,192.168.0.219:5084,1,-67,b'303435fc8803d056d15b963f',1816,10,-127,,,,,,,
1753823944,192.168.0.219:5084,2,-57,b'303435fc8803d056d15b963f',4084,10,-761,,,,,,,
1753823944,192.168.0.219:5084,3,-58,b'303435fc8803d056d15b963f',2760,10,117,,,,,,,
1753823944,192.168.0.219:5084,4,-61,b'303435fc8803d056d15b963f',1368,10,332,,,,,,,
1753823944,192.168.0.219:5084,1,-60,b'303435fc8803d056d15b963f',396,11,683,,,,,,,
1753823944,192.168.0.219:5084,2,-59,b'303435fc8803d056d15b963f',2924,11,-644,,,,,,,
1753823944,192.168.0.219:5084,3,-65,b'303435fc8803d056d15b963f',316,11,156,,,,,,,
1753823944,192.168.0.219:5084,4,-56,b'303435fc8803d056d15b963f',2684,11,-78,,,,,,,
1753823944,192.168.0.219:5084,1,-58,b'303435fc8803d056d15b963f',4,11,449,,,,,,,
1753823944,192.168.0.219:5084,2,-59,b'303435fc8803d056d15b963f',3164,11,39,,,,,,,
1753823944,192.168.0.219:5084,3,-64,b'303435fc8803d056d15b963f',176,11,566,,,,,,,
1753823944,192.168.0.219:5084,4,-57,b'303435fc8803d056d15b963f',2500,12,-39,,,,,,,
1753823944,192.168.0.219:5084,1,-56,b'303435fc8803d056d15b963f',3240,12,-156,,,,,,,
1753823944,192.168.0.219:5084,2,-55,b'303435fc8803d056d15b963f',2808,12,800,,,,,,,
1753823944,192.168.0.219:5084,3,-61,b'303435fc8803d056d15b963f',3360,12,156,,,,,,,
1753823944,192.168.0.219:5084,4,-54,b'303435fc8803d056d15b963f',2196,12,273,,,,,,,
1753823944,192.168.0.219:5084,1,-54,b'303435fc8803d056d15b963f',2768,12,234,,,,,,,
1753823944,192.168.0.219:5084,2,-55,b'303435fc8803d056d15b963f',2552,12,800,,,,,,,
1753823944,192.168.0.219:5084,3,-60,b'303435fc8803d056d15b963f',2216,12,-17,,,,,,,
1753823944,192.168.0.219:5084,1,-71,b'303435fc8803d056d15b963f',3884,13,-17,,,,,,,
1753823944,192.168.0.219:5084,2,-52,b'303435fc8803d056d15b963f',3616,13,78,,,,,,,
1753823944,192.168.0.219:5084,3,-66,b'303435fc8803d056d15b963f',3728,13,-937,,,,,,,
1753823944,192.168.0.219:5084,4,-51,b'303435fc8803d056d15b963f',3464,13,156,,,,,,,
1753823944,192.168.0.219:5084,1,-65,b'303435fc8803d056d15b963f',1450,13,575,,,,,,,
1753823944,192.168.0.219:5084,2,-52,b'303435fc8803d056d15b963f',2280,13,371,,,,,,,
1753823944,192.168.0.219:5084,3,-61,b'303435fc8803d056d15b963f',2820,14,-1132,,,,,,,
1753823944,192.168.0.219:5084,1,-55,b'303435fc8803d056d15b963f',2284,14,-78,,,,,,,
1753823944,192.168.0.219:5084,2,-55,b'303435fc8803d056d15b963f',2280,14,195,,,,,,,
1753823944,192.168.0.219:5084,3,-60,b'303435fc8803d056d15b963f',2732,14,-39,,,,,,,
1753823944,192.168.0.219:5084,4,-52,b'303435fc8803d056d15b963f',1704,14,410,,,,,,,
1753823944,192.168.0.219:5084,1,-54,b'303435fc8803d056d15b963f',2212,14,156,,,,,,,
1753823944,192.168.0.219:5084,2,-55,b'303435fc8803d056d15b963f',516,14,1,,,,,,,
1753823944,192.168.0.219:5084,3,-62,b'303435fc8803d056d15b963f',3612,15,273,,,,,,,
1753823945,192.168.0.219:5084,1,-55,b'303435fc8803d056d15b963f',3080,15,156,,,,,,,
1753823945,192.168.0.219:5084,2,-55,b'303435fc8803d056d15b963f',2572,15,117,,,,,,,
1753823945,192.168.0.219:5084,3,-62,b'303435fc8803d056d15b963f',4000,15,332,,,,,,,
1753823945,192.168.0.219:5084,4,-50,b'303435fc8803d056d15b963f',2860,15,-78,,,,,,,
1753823945,192.168.0.219:5084,1,-60,b'303435fc8803d056d15b963f',3344,15,527,,,,,,,
1753823945,192.168.0.219:5084,2,-56,b'303435fc8803d056d15b963f',496,15,6,,,,,,,
1753823945,192.168.0.219:5084,4,-50,b'303435fc8803d056d15b963f',160,16,0,,,,,,,
1753823945,192.168.0.219:5084,1,-64,b'303435fc8803d056d15b963f',3668,16,800,,,,,,,
1753823945,192.168.0.219:5084,2,-59,b'303435fc8803d056d15b963f',340,16,566,,,,,,,
1753823945,192.168.0.219:5084,3,-71,b'303435fc8803d056d15b963f',3376,16,17,,,,,,,
1753823945,192.168.0.219:5084,4,-51,b'303435fc8803d056d15b963f',56,16,156,,,,,,,
1753823945,192.168.0.219:5084,1,-64,b'303435fc8803d056d15b963f',1132,16,127,,,,,,,
1753823945,192.168.0.219:5084,2,-60,b'303435fc8803d056d15b963f',4080,17,839,,,,,,,
1753823945,192.168.0.219:5084,3,-66,b'303435fc8803d056d15b963f',1600,17,78,,,,,,,
1753823945,192.168.0.219:5084,1,-65,b'303435fc8803d056d15b963f',802,17,-767,,,,,,,
1753823945,192.168.0.219:5084,2,-58,b'303435fc8803d056d15b963f',3780,17,410,,,,,,,
1753823945,192.168.0.219:5084,3,-63,b'303435fc8803d056d15b963f',1988,17,-39,,,,,,,
1753823945,192.168.0.219:5084,4,-52,b'303435fc8803d056d15b963f',4060,17,234,,,,,,,
1753823945,192.168.0.219:5084,2,-61,b'303435fc8803d056d15b963f',3764,18,1087,,,,,,,
1753823945,192.168.0.219:5084,3,-60,b'303435fc8803d056d15b963f',1704,18,-371,,,,,,,
1753823945,192.168.0.219:5084,4,-51,b'303435fc8803d056d15b963f',3376,18,0,,,,,,,
1753823945,192.168.0.219:5084,1,-70,b'303435fc8803d056d15b963f',112,18,-6,,,,,,,
1753823945,192.168.0.219:5084,3,-57,b'303435fc8803d056d15b963f',3780,19,156,,,,,,,