antenna_port,epc,first_seen_timestamp,mac_address,peak_rssi,reader_name,tid,timestamp
4,303435FC8803D056D15B963F,1744912116025015,00:16:25:12:77:b9,-59,Impinj RFID Reader,E28068942000401581C3CDC1,2025-04-17 11:47:09
4,303435FC8803D056D15B963F,1744912116046101,00:16:25:12:77:b9,-58,Impinj RFID Reader,E28068942000401581C3CDC1,2025-04-17 11:47:09
4,303435FC8803D056D15B963F,1744912116128105,00:16:25:12:77:b9,-57,Impinj RFID Reader,E28068942000401581C3CDC1,2025-04-17 11:47:09
4,303435FC8803D056D15B963F,1744912116147841,00:16:25:12:77:b9,-57,Impinj RFID Reader,E28068942000401581C3CDC1,2025-04-17 11:47:09
4,303435FC8803D056D15B963F,1744912116238259,00:16:25:12:77:b9,-58,Impinj RFID Reader,E28068942000401581C3CDC1,2025-04-17 11:47:09
4,303435FC8803D056D15B963F,1744912116258467,00:16:25:12:77:b9,-58,Impinj RFID Reader,E28068942000401581C3CDC1,2025-04-17 11:47:09
4,303435FC8803D056D15B963F,1744912116346575,00:16:25:12:77:b9,-61,Impinj RFID Reader,E28068942000401581C3CDC1,2025-04-17 11:47:09
4,303435FC8803D056D15B963F,1744912116387531,00:16:25:12:77:b9,-60,Impinj RFID Reader,E28068942000401581C3CDC1,2025-04-17 11:47:09
2,303435FC8803D056D15B963F,1744912116432872,00:16:25:12:77:b9,-65,Impinj RFID Reader,E28068942000401581C3CDC1,2025-04-17 11:47:09
2,303435FC8803D056D15B963F,1744912116450105,00:16:25:12:77:b9,-66,Impinj RFID Reader,E28068942000401581C3CDC1,2025-04-17 11:47:09
4,303435FC8803D056D15B963F,1744912116506680,00:16:25:12:77:b9,-63,Impinj RFID Reader,E28068942000401581C3CDC1,2025-04-17 11:47:09
4,303435FC8803D056D15B963F,1744912116526954,00:16:25:12:77:b9,-63,Impinj RFID Reader,E28068942000401581C3CDC1,2025-04-17 11:47:09
4,303435FC8803D056D15B963F,1744912116641248,00:16:25:12:77:b9,-62,Impinj RFID Reader,E28068942000401581C3CDC1,2025-04-17 11:47:09
4,303435FC8803D056D15B963F,1744912116659044,00:16:25:12:77:b9,-62,Impinj RFID Reader,E28068942000401581C3CDC1,2025-04-17 11:47:09
4,303435FC8803D056D15B963F,1744912116764066,00:16:25:12:77:b9,-64,Impinj RFID Reader,E28068942000401581C3CDC1,2025-04-17 11:47:09
4,303435FC8803D056D15B963F,1744912116808066,00:16:25:12:77:b9,-64,Impinj RFID Reader,E28068942000401581C3CDC1,2025-04-17 11:47:09
4,303435FC8803D056D15B963F,1744912116896430,00:16:25:12:77:b9,-64,Impinj RFID Reader,E28068942000401581C3CDC1,2025-04-17 11:47:09
4,303435FC8803D056D15B963F,1744912116918547,00:16:25:12:77:b9,-65,Impinj RFID Reader,E28068942000401581C3CDC1,2025-04-17 11:47:09
1,303435FC8803D056D15B963F,1744912117042697,00:16:25:12:77:b9,-70,Impinj RFID Reader,E28068942000401581C3CDC1,2025-04-17 11:47:09
1,303435FC8803D056D15B963F,1744912117062317,00:16:25:12:77:b9,-70,Impinj RFID Reader,E28068942000401581C3CDC1,2025-04-17 11:47:09
1,303435FC8803D056D15B963F,1744912117145280,00:16:25:12:77:b9,-70,Impinj RFID Reader,E28068942000401581C3CDC1,2025-04-17 11:47:09
1,303435FC8803D056D15B963F,1744912117168603,00:16:25:12:77:b9,-70,Impinj RFID Reader,E28068942000401581C3CDC1,2025-04-17 11:47:09
4,303435FC8803D056D15B963F,1744912117314177,00:16:25:12:77:b9,-69,Impinj RFID Reader,E28068942000401581C3CDC1,2025-04-17 11:47:09
4,303435FC8803D056D15B963F,1744912117333760,00:16:25:12:77:b9,-68,Impinj RFID Reader,E28068942000401581C3CDC1,2025-04-17 11:47:09
1,303435FC8803D056D15B963F,1744912117445029,00:16:25:12:77:b9,-72,Impinj RFID Reader,,2025-04-17 11:47:09
4,303435FC8803D056D15B963F,1744912117516424,00:16:25:12:77:b9,-70,Impinj RFID Reader,E28068942000401581C3CDC1,2025-04-17 11:47:09
4,303435FC8803D056D15B963F,1744912117537863,00:16:25:12:77:b9,-70,Impinj RFID Reader,E28068942000401581C3CDC1,2025-04-17 11:47:09
4,303435FC8803D056D15B963F,1744912117630350,00:16:25:12:77:b9,-66,Impinj RFID Reader,E28068942000401581C3CDC1,2025-04-17 11:47:09
4,303435FC8803D056D15B963F,1744912117648434,00:16:25:12:77:b9,-66,Impinj RFID Reader,E28068942000401581C3CDC1,2025-04-17 11:47:09
4,303435FC8803D056D15B963F,1744912117730255,00:16:25:12:77:b9,-67,Impinj RFID Reader,E28068942000401581C3CDC1,2025-04-17 11:47:09
4,303435FC8803D056D15B963F,1744912117750324,00:16:25:12:77:b9,-67,Impinj RFID Reader,E28068942000401581C3CDC1,2025-04-17 11:47:09
2,303435FC8803D056D15B963F,1744912117797980,00:16:25:12:77:b9,-69,Impinj RFID Reader,,2025-04-17 11:47:09
4,303435FC8803D056D15B963F,1744912117857246,00:16:25:12:77:b9,-70,Impinj RFID Reader,E28068942000401581C3CDC1,2025-04-17 11:47:09
4,303435FC8803D056D15B963F,1744912117876665,00:16:25:12:77:b9,-70,Impinj RFID Reader,E28068942000401581C3CDC1,2025-04-17 11:47:09
2,303435FC8803D056D15B963F,1744912118233605,00:16:25:12:77:b9,-68,Impinj RFID Reader,E28068942000401581C3CDC1,2025-04-17 11:47:09
2,303435FC8803D056D15B963F,1744912118254582,00:16:25:12:77:b9,-68,Impinj RFID Reader,E28068942000401581C3CDC1,2025-04-17 11:47:09
4,303435FC8803D056D15B963F,1744912118299035,00:16:25:12:77:b9,-67,Impinj RFID Reader,E28068942000401581C3CDC1,2025-04-17 11:47:09
4,303435FC8803D056D15B963F,1744912118317875,00:16:25:12:77:b9,-67,Impinj RFID Reader,E28068942000401581C3CDC1,2025-04-17 11:47:09
2,303435FC8803D056D15B963F,1744912118366382,00:16:25:12:77:b9,-67,Impinj RFID Reader,E28068942000401581C3CDC1,2025-04-17 11:47:09
2,303435FC8803D056D15B963F,1744912118383011,00:16:25:12:77:b9,-68,Impinj RFID Reader,,2025-04-17 11:47:09
4,303435FC8803D056D15B963F,1744912118441791,00:16:25:12:77:b9,-65,Impinj RFID Reader,E28068942000401581C3CDC1,2025-04-17 11:47:09
2,303435FC8803D056D15B963F,1744912118485547,00:16:25:12:77:b9,-63,Impinj RFID Reader,E28068942000401581C3CDC1,2025-04-17 11:47:09
2,303435FC8803D056D15B963F,1744912118505927,00:16:25:12:77:b9,-63,Impinj RFID Reader,E28068942000401581C3CDC1,2025-04-17 11:47:09
4,303435FC8803D056D15B963F,1744912118551959,00:16:25:12:77:b9,-64,Impinj RFID Reader,E28068942000401581C3CDC1,2025-04-17 11:47:09
4,303435FC8803D056D15B963F,1744912118574498,00:16:25:12:77:b9,-64,Impinj RFID Reader,E28068942000401581C3CDC1,2025-04-17 11:47:09
3,303435FC8803D056D15B963F,1744912118666110,00:16:25:12:77:b9,-66,Impinj RFID Reader,E28068942000401581C3CDC1,2025-04-17 11:47:09
3,303435FC8803D056D15B963F,1744912118695437,00:16:25:12:77:b9,-66,Impinj RFID Reader,,2025-04-17 11:47:09
4,303435FC8803D056D15B963F,1744912118720136,00:16:25:12:77:b9,-61,Impinj RFID Reader,E28068942000401581C3CDC1,2025-04-17 11:47:09
4,303435FC8803D056D15B963F,1744912118738978,00:16:25:12:77:b9,-61,Impinj RFID Reader,E28068942000401581C3CDC1,2025-04-17 11:47:09
3,303435FC8803D056D15B963F,1744912118808835,00:16:25:12:77:b9,-66,Impinj RFID Reader,E28068942000401581C3CDC1,2025-04-17 11:47:09
4,303435FC8803D056D15B963F,1744912118873130,00:16:25:12:77:b9,-60,Impinj RFID Reader,E28068942000401581C3CDC1,2025-04-17 11:47:09
4,303435FC8803D056D15B963F,1744912118956663,00:16:25:12:77:b9,-60,Impinj RFID Reader,E28068942000401581C3CDC1,2025-04-17 11:47:09
4,303435FC8803D056D15B963F,1744912118974096,00:16:25:12:77:b9,-60,Impinj RFID Reader,E28068942000401581C3CDC1,2025-04-17 11:47:09
4,303435FC8803D056D15B963F,1744912119066495,00:16:25:12:77:b9,-61,Impinj RFID Reader,E28068942000401581C3CDC1,2025-04-17 11:47:09
4,303435FC8803D056D15B963F,1744912119085786,00:16:25:12:77:b9,-61,Impinj RFID Reader,E28068942000401581C3CDC1,2025-04-17 11:47:09
4,303435FC8803D056D15B963F,1744912119171307,00:16:25:12:77:b9,-63,Impinj RFID Reader,E28068942000401581C3CDC1,2025-04-17 11:47:09
4,303435FC8803D056D15B963F,1744912119189140,00:16:25:12:77:b9,-63,Impinj RFID Reader,E28068942000401581C3CDC1,2025-04-17 11:47:09
4,303435FC8803D056D15B963F,1744912119286032,00:16:25:12:77:b9,-69,Impinj RFID Reader,E28068942000401581C3CDC1,2025-04-17 11:47:09
4,303435FC8803D056D15B963F,1744912119306556,00:16:25:12:77:b9,-67,Impinj RFID Reader,E28068942000401581C3CDC1,2025-04-17 11:47:09
1,303435FC8803D056D15B963F,1744912119335593,00:16:25:12:77:b9,-64,Impinj RFID Reader,E28068942000401581C3CDC1,2025-04-17 11:47:09
1,303435FC8803D056D15B963F,1744912119352154,00:16:25:12:77:b9,-64,Impinj RFID Reader,E28068942000401581C3CDC1,2025-04-17 11:47:09
3,303435FC8803D056D15B963F,1744912119397289,00:16:25:12:77:b9,-62,Impinj RFID Reader,E28068942000401581C3CDC1,2025-04-17 11:47:09
3,303435FC8803D056D15B963F,1744912119421674,00:16:25:12:77:b9,-62,Impinj RFID Reader,E28068942000401581C3CDC1,2025-04-17 11:47:09
4,303435FC8803D056D15B963F,1744912119453498,00:16:25:12:77:b9,-60,Impinj RFID Reader,E28068942000401581C3CDC1,2025-04-17 11:47:09
4,303435FC8803D056D15B963F,1744912119475346,00:16:25:12:77:b9,-60,Impinj RFID Reader,E28068942000401581C3CDC1,2025-04-17 11:47:09
2,303435FC8803D056D15B963F,1744912119518050,00:16:25:12:77:b9,-67,Impinj RFID Reader,,2025-04-17 11:47:09
4,303435FC8803D056D15B963F,1744912120002094,00:16:25:12:77:b9,-68,Impinj RFID Reader,E28068942000401581C3CDC1,2025-04-17 11:47:09
4,303435FC8803D056D15B963F,1744912120020953,00:16:25:12:77:b9,-66,Impinj RFID Reader,E28068942000401581C3CDC1,2025-04-17 11:47:09
4,303435FC8803D056D15B963F,1744912120110722,00:16:25:12:77:b9,-57,Impinj RFID Reader,E28068942000401581C3CDC1,2025-04-17 11:47:09
4,303435FC8803D056D15B963F,1744912120131540,00:16:25:12:77:b9,-56,Impinj RFID Reader,E28068942000401581C3CDC1,2025-04-17 11:47:09
4,303435FC8803D056D15B963F,1744912120215203,00:16:25:12:77:b9,-57,Impinj RFID Reader,E28068942000401581C3CDC1,2025-04-17 11:47:09
4,303435FC8803D056D15B963F,1744912120235289,00:16:25:12:77:b9,-57,Impinj RFID Reader,E28068942000401581C3CDC1,2025-04-17 11:47:09
4,303435FC8803D056D15B963F,1744912120325839,00:16:25:12:77:b9,-61,Impinj RFID Reader,E28068942000401581C3CDC1,2025-04-17 11:47:09
4,303435FC8803D056D15B963F,1744912120347114,00:16:25:12:77:b9,-62,Impinj RFID Reader,E28068942000401581C3CDC1,2025-04-17 11:47:09
1,303435FC8803D056D15B963F,1744912120375920,00:16:25:12:77:b9,-69,Impinj RFID Reader,,2025-04-17 11:47:09
4,303435FC8803D056D15B963F,1744912120470407,00:16:25:12:77:b9,-65,Impinj RFID Reader,E28068942000401581C3CDC1,2025-04-17 11:47:09
4,303435FC8803D056D15B963F,1744912120488619,00:16:25:12:77:b9,-66,Impinj RFID Reader,E28068942000401581C3CDC1,2025-04-17 11:47:09
4,303435FC8803D056D15B963F,1744912120571780,00:16:25:12:77:b9,-63,Impinj RFID Reader,E28068942000401581C3CDC1,2025-04-17 11:47:09
4,303435FC8803D056D15B963F,1744912120592677,00:16:25:12:77:b9,-61,Impinj RFID Reader,E28068942000401581C3CDC1,2025-04-17 11:47:09
4,303435FC8803D056D15B963F,1744912120686066,00:16:25:12:77:b9,-57,Impinj RFID Reader,E28068942000401581C3CDC1,2025-04-17 11:47:09
4,303435FC8803D056D15B963F,1744912120705562,00:16:25:12:77:b9,-57,Impinj RFID Reader,E28068942000401581C3CDC1,2025-04-17 11:47:09
4,303435FC8803D056D15B963F,1744912120788767,00:16:25:12:77:b9,-57,Impinj RFID Reader,E28068942000401581C3CDC1,2025-04-17 11:47:09
4,303435FC8803D056D15B963F,1744912120808388,00:16:25:12:77:b9,-57,Impinj RFID Reader,E28068942000401581C3CDC1,2025-04-17 11:47:09
4,303435FC8803D056D15B963F,1744912120903890,00:16:25:12:77:b9,-58,Impinj RFID Reader,E28068942000401581C3CDC1,2025-04-17 11:47:09
4,303435FC8803D056D15B963F,1744912120921890,00:16:25:12:77:b9,-58,Impinj RFID Reader,E28068942000401581C3CDC1,2025-04-17 11:47:09
1,303435FC8803D056D15B963F,1744912120947360,00:16:25:12:77:b9,-65,Impinj RFID Reader,E28068942000401581C3CDC1,2025-04-17 11:47:09
1,303435FC8803D056D15B963F,1744912120969310,00:16:25:12:77:b9,-67,Impinj RFID Reader,E28068942000401581C3CDC1,2025-04-17 11:47:09
4,303435FC8803D056D15B963F,1744912121035683,00:16:25:12:77:b9,-59,Impinj RFID Reader,E28068942000401581C3CDC1,2025-04-17 11:47:09
4,303435FC8803D056D15B963F,1744912121075133,00:16:25:12:77:b9,-60,Impinj RFID Reader,E28068942000401581C3CDC1,2025-04-17 11:47:09
1,303435FC8803D056D15B963F,1744912121102250,00:16:25:12:77:b9,-65,Impinj RFID Reader,E28068942000401581C3CDC1,2025-04-17 11:47:09
1,303435FC8803D056D15B963F,1744912121123100,00:16:25:12:77:b9,-66,Impinj RFID Reader,E28068942000401581C3CDC1,2025-04-17 11:47:09
4,303435FC8803D056D15B963F,1744912121189185,00:16:25:12:77:b9,-61,Impinj RFID Reader,E28068942000401581C3CDC1,2025-04-17 11:47:09
4,303435FC8803D056D15B963F,1744912121206864,00:16:25:12:77:b9,-61,Impinj RFID Reader,E28068942000401581C3CDC1,2025-04-17 11:47:09
1,303435FC8803D056D15B963F,1744912121233233,00:16:25:12:77:b9,-64,Impinj RFID Reader,E28068942000401581C3CDC1,2025-04-17 11:47:09
1,303435FC8803D056D15B963F,1744912121278481,00:16:25:12:77:b9,-65,Impinj RFID Reader,E28068942000401581C3CDC1,2025-04-17 11:47:09
4,303435FC8803D056D15B963F,1744912121340626,00:16:25:12:77:b9,-65,Impinj RFID Reader,E28068942000401581C3CDC1,2025-04-17 11:47:09
4,303435FC8803D056D15B963F,1744912121359385,00:16:25:12:77:b9,-65,Impinj RFID Reader,E28068942000401581C3CDC1,2025-04-17 11:47:09
1,303435FC8803D056D15B963F,1744912121388092,00:16:25:12:77:b9,-69,Impinj RFID Reader,E28068942000401581C3CDC1,2025-04-17 11:47:09
1,303435FC8803D056D15B963F,1744912121408001,00:16:25:12:77:b9,-69,Impinj RFID Reader,E28068942000401581C3CDC1,2025-04-17 11:47:09
4,303435FC8803D056D15B963F,1744912121479765,00:16:25:12:77:b9,-69,Impinj RFID Reader,E28068942000401581C3CDC1,2025-04-17 11:47:09
4,303435FC8803D056D15B963F,1744912121500320,00:16:25:12:77:b9,-68,Impinj RFID Reader,E28068942000401581C3CDC1,2025-04-17 11:47:09
4,303435FC8803D056D15B963F,1744912125445491,00:16:25:12:77:b9,-68,Impinj RFID Reader,,2025-04-17 11:47:09
3,303435FC8803D056D15B963F,1744912125604001,00:16:25:12:77:b9,-62,Impinj RFID Reader,E28068942000401581C3CDC1,2025-04-17 11:47:09
3,303435FC8803D056D15B963F,1744912125623955,00:16:25:12:77:b9,-63,Impinj RFID Reader,E28068942000401581C3CDC1,2025-04-17 11:47:09
4,303435FC8803D056D15B963F,1744912125732284,00:16:25:12:77:b9,-60,Impinj RFID Reader,E28068942000401581C3CDC1,2025-04-17 11:47:09
4,303435FC8803D056D15B963F,1744912125753313,00:16:25:12:77:b9,-60,Impinj RFID Reader,E28068942000401581C3CDC1,2025-04-17 11:47:09
3,303435FC8803D056D15B963F,1744912125817087,00:16:25:12:77:b9,-63,Impinj RFID Reader,E28068942000401581C3CDC1,2025-04-17 11:47:09
3,303435FC8803D056D15B963F,1744912125839070,00:16:25:12:77:b9,-63,Impinj RFID Reader,E28068942000401581C3CDC1,2025-04-17 11:47:09
1,303435FC8803D056D15B963F,1744912125884855,00:16:25:12:77:b9,-60,Impinj RFID Reader,E28068942000401581C3CDC1,2025-04-17 11:47:09
1,303435FC8803D056D15B963F,1744912125926994,00:16:25:12:77:b9,-59,Impinj RFID Reader,E28068942000401581C3CDC1,2025-04-17 11:47:09
4,303435FC8803D056D15B963F,1744912125991228,00:16:25:12:77:b9,-66,Impinj RFID Reader,E28068942000401581C3CDC1,2025-04-17 11:47:09
4,303435FC8803D056D15B963F,1744912126011026,00:16:25:12:77:b9,-66,Impinj RFID Reader,E28068942000401581C3CDC1,2025-04-17 11:47:09
1,303435FC8803D056D15B963F,1744912126039271,00:16:25:12:77:b9,-60,Impinj RFID Reader,E28068942000401581C3CDC1,2025-04-17 11:47:09
1,303435FC8803D056D15B963F,1744912126058083,00:16:25:12:77:b9,-61,Impinj RFID Reader,E28068942000401581C3CDC1,2025-04-17 11:47:09
3,303435FC8803D056D15B963F,1744912126131730,00:16:25:12:77:b9,-61,Impinj RFID Reader,E28068942000401581C3CDC1,2025-04-17 11:47:09
3,303435FC8803D056D15B963F,1744912126149750,00:16:25:12:77:b9,-62,Impinj RFID Reader,E28068942000401581C3CDC1,2025-04-17 11:47:09
2,303435FC8803D056D15B963F,1744912126214625,00:16:25:12:77:b9,-64,Impinj RFID Reader,E28068942000401581C3CDC1,2025-04-17 11:47:09
2,303435FC8803D056D15B963F,1744912126236343,00:16:25:12:77:b9,-60,Impinj RFID Reader,E28068942000401581C3CDC1,2025-04-17 11:47:09
4,303435FC8803D056D15B963F,1744912126279814,00:16:25:12:77:b9,-59,Impinj RFID Reader,E28068942000401581C3CDC1,2025-04-17 11:47:09
4,303435FC8803D056D15B963F,1744912126300632,00:16:25:12:77:b9,-57,Impinj RFID Reader,E28068942000401581C3CDC1,2025-04-17 11:47:09
2,303435FC8803D056D15B963F,1744912126354968,00:16:25:12:77:b9,-53,Impinj RFID Reader,E28068942000401581C3CDC1,2025-04-17 11:47:09
2,303435FC8803D056D15B963F,1744912126373777,00:16:25:12:77:b9,-53,Impinj RFID Reader,E28068942000401581C3CDC1,2025-04-17 11:47:09
3,303435FC8803D056D15B963F,1744912126401896,00:16:25:12:77:b9,-56,Impinj RFID Reader,E28068942000401581C3CDC1,2025-04-17 11:47:09
3,303435FC8803D056D15B963F,1744912126424471,00:16:25:12:77:b9,-55,Impinj RFID Reader,E28068942000401581C3CDC1,2025-04-17 11:47:09
4,303435FC8803D056D15B963F,1744912126450074,00:16:25:12:77:b9,-50,Impinj RFID Reader,E28068942000401581C3CDC1,2025-04-17 11:47:09
4,303435FC8803D056D15B963F,1744912126471241,00:16:25:12:77:b9,-49,Impinj RFID Reader,E28068942000401581C3CDC1,2025-04-17 11:47:09
1,303435FC8803D056D15B963F,1744912126497336,00:16:25:12:77:b9,-55,Impinj RFID Reader,E28068942000401581C3CDC1,2025-04-17 11:47:09
1,303435FC8803D056D15B963F,1744912126525810,00:16:25:12:77:b9,-56,Impinj RFID Reader,E28068942000401581C3CDC1,2025-04-17 11:47:09
2,303435FC8803D056D15B963F,1744912126551190,00:16:25:12:77:b9,-50,Impinj RFID Reader,E28068942000401581C3CDC1,2025-04-17 11:47:09
2,303435FC8803D056D15B963F,1744912126570541,00:16:25:12:77:b9,-49,Impinj RFID Reader,E28068942000401581C3CDC1,2025-04-17 11:47:09
3,303435FC8803D056D15B963F,1744912126598280,00:16:25:12:77:b9,-55,Impinj RFID Reader,E28068942000401581C3CDC1,2025-04-17 11:47:09
3,303435FC8803D056D15B963F,1744912126617669,00:16:25:12:77:b9,-54,Impinj RFID Reader,E28068942000401581C3CDC1,2025-04-17 11:47:09
4,303435FC8803D056D15B963F,1744912126646242,00:16:25:12:77:b9,-50,Impinj RFID Reader,E28068942000401581C3CDC1,2025-04-17 11:47:09
4,303435FC8803D056D15B963F,1744912126668681,00:16:25:12:77:b9,-49,Impinj RFID Reader,E28068942000401581C3CDC1,2025-04-17 11:47:09
1,303435FC8803D056D15B963F,1744912126692588,00:16:25:12:77:b9,-58,Impinj RFID Reader,E28068942000401581C3CDC1,2025-04-17 11:47:09
2,303435FC8803D056D15B963F,1744912126754494,00:16:25:12:77:b9,-51,Impinj RFID Reader,E28068942000401581C3CDC1,2025-04-17 11:47:09
3,303435FC8803D056D15B963F,1744912126779117,00:16:25:12:77:b9,-53,Impinj RFID Reader,E28068942000401581C3CDC1,2025-04-17 11:47:09
3,303435FC8803D056D15B963F,1744912126801615,00:16:25:12:77:b9,-53,Impinj RFID Reader,E28068942000401581C3CDC1,2025-04-17 11:47:09
4,303435FC8803D056D15B963F,1744912126828568,00:16:25:12:77:b9,-49,Impinj RFID Reader,E28068942000401581C3CDC1,2025-04-17 11:47:09
4,303435FC8803D056D15B963F,1744912126845670,00:16:25:12:77:b9,-49,Impinj RFID Reader,E28068942000401581C3CDC1,2025-04-17 11:47:09
1,303435FC8803D056D15B963F,1744912126874028,00:16:25:12:77:b9,-65,Impinj RFID Reader,E28068942000401581C3CDC1,2025-04-17 11:47:09
2,303435FC8803D056D15B963F,1744912126942210,00:16:25:12:77:b9,-47,Impinj RFID Reader,E28068942000401581C3CDC1,2025-04-17 11:47:09
3,303435FC8803D056D15B963F,1744912126966204,00:16:25:12:77:b9,-52,Impinj RFID Reader,E28068942000401581C3CDC1,2025-04-17 11:47:09
3,303435FC8803D056D15B963F,1744912126986902,00:16:25:12:77:b9,-52,Impinj RFID Reader,E28068942000401581C3CDC1,2025-04-17 11:47:09
4,303435FC8803D056D15B963F,1744912127016874,00:16:25:12:77:b9,-46,Impinj RFID Reader,E28068942000401581C3CDC1,2025-04-17 11:47:09
4,303435FC8803D056D15B963F,1744912127033135,00:16:25:12:77:b9,-47,Impinj RFID Reader,E28068942000401581C3CDC1,2025-04-17 11:47:09
1,303435FC8803D056D15B963F,1744912127062430,00:16:25:12:77:b9,-57,Impinj RFID Reader,E28068942000401581C3CDC1,2025-04-17 11:47:09
1,303435FC8803D056D15B963F,1744912127081146,00:16:25:12:77:b9,-58,Impinj RFID Reader,E28068942000401581C3CDC1,2025-04-17 11:47:09
2,303435FC8803D056D15B963F,1744912127107014,00:16:25:12:77:b9,-46,Impinj RFID Reader,E28068942000401581C3CDC1,2025-04-17 11:47:09
2,303435FC8803D056D15B963F,1744912127136880,00:16:25:12:77:b9,-47,Impinj RFID Reader,E28068942000401581C3CDC1,2025-04-17 11:47:09
3,303435FC8803D056D15B963F,1744912127166661,00:16:25:12:77:b9,-56,Impinj RFID Reader,E28068942000401581C3CDC1,2025-04-17 11:47:09
3,303435FC8803D056D15B963F,1744912127183096,00:16:25:12:77:b9,-56,Impinj RFID Reader,E28068942000401581C3CDC1,2025-04-17 11:47:09
4,303435FC8803D056D15B963F,1744912127212060,00:16:25:12:77:b9,-47,Impinj RFID Reader,E28068942000401581C3CDC1,2025-04-17 11:47:09
4,303435FC8803D056D15B963F,1744912127230613,00:16:25:12:77:b9,-48,Impinj RFID Reader,E28068942000401581C3CDC1,2025-04-17 11:47:09
1,303435FC8803D056D15B963F,1744912127258878,00:16:25:12:77:b9,-52,Impinj RFID Reader,E28068942000401581C3CDC1,2025-04-17 11:47:09
1,303435FC8803D056D15B963F,1744912127278227,00:16:25:12:77:b9,-52,Impinj RFID Reader,E28068942000401581C3CDC1,2025-04-17 11:47:09
2,303435FC8803D056D15B963F,1744912127304583,00:16:25:12:77:b9,-52,Impinj RFID Reader,E28068942000401581C3CDC1,2025-04-17 11:47:09
2,303435FC8803D056D15B963F,1744912127334747,00:16:25:12:77:b9,-62,Impinj RFID Reader,E28068942000401581C3CDC1,2025-04-17 11:47:09
4,303435FC8803D056D15B963F,1744912127381554,00:16:25:12:77:b9,-60,Impinj RFID Reader,E28068942000401581C3CDC1,2025-04-17 11:47:09
4,303435FC8803D056D15B963F,1744912127401725,00:16:25:12:77:b9,-61,Impinj RFID Reader,E28068942000401581C3CDC1,2025-04-17 11:47:09
3,303435FC8803D056D15B963F,1744912127468481,00:16:25:12:77:b9,-65,Impinj RFID Reader,E28068942000401581C3CDC1,2025-04-17 11:47:09
3,303435FC8803D056D15B963F,1744912127492908,00:16:25:12:77:b9,-63,Impinj RFID Reader,E28068942000401581C3CDC1,2025-04-17 11:47:09
1,303435FC8803D056D15B963F,1744912127547510,00:16:25:12:77:b9,-68,Impinj RFID Reader,E28068942000401581C3CDC1,2025-04-17 11:47:09
1,303435FC8803D056D15B963F,1744912127567006,00:16:25:12:77:b9,-67,Impinj RFID Reader,E28068942000401581C3CDC1,2025-04-17 11:47:09
4,303435FC8803D056D15B963F,1744912127629608,00:16:25:12:77:b9,-66,Impinj RFID Reader,E28068942000401581C3CDC1,2025-04-17 11:47:09
4,303435FC8803D056D15B963F,1744912127649546,00:16:25:12:77:b9,-66,Impinj RFID Reader,E28068942000401581C3CDC1,2025-04-17 11:47:09
2,303435FC8803D056D15B963F,1744912127696887,00:16:25:12:77:b9,-66,Impinj RFID Reader,E28068942000401581C3CDC1,2025-04-17 11:47:09
4,303435FC8803D056D15B963F,1744912127776671,00:16:25:12:77:b9,-61,Impinj RFID Reader,E28068942000401581C3CDC1,2025-04-17 11:47:09
1,303435FC8803D056D15B963F,1744912127805232,00:16:25:12:77:b9,-63,Impinj RFID Reader,E28068942000401581C3CDC1,2025-04-17 11:47:09
1,303435FC8803D056D15B963F,1744912127823320,00:16:25:12:77:b9,-63,Impinj RFID Reader,E28068942000401581C3CDC1,2025-04-17 11:47:09
4,303435FC8803D056D15B963F,1744912127886552,00:16:25:12:77:b9,-58,Impinj RFID Reader,E28068942000401581C3CDC1,2025-04-17 11:47:09
4,303435FC8803D056D15B963F,1744912127907457,00:16:25:12:77:b9,-57,Impinj RFID Reader,E28068942000401581C3CDC1,2025-04-17 11:47:09
1,303435FC8803D056D15B963F,1744912127944169,00:16:25:12:77:b9,-60,Impinj RFID Reader,E28068942000401581C3CDC1,2025-04-17 11:47:09
1,303435FC8803D056D15B963F,1744912127962554,00:16:25:12:77:b9,-60,Impinj RFID Reader,E28068942000401581C3CDC1,2025-04-17 11:47:09
3,303435FC8803D056D15B963F,1744912128008396,00:16:25:12:77:b9,-64,Impinj RFID Reader,E28068942000401581C3CDC1,2025-04-17 11:47:09
3,303435FC8803D056D15B963F,1744912128028459,00:16:25:12:77:b9,-64,Impinj RFID Reader,E28068942000401581C3CDC1,2025-04-17 11:47:09
4,303435FC8803D056D15B963F,1744912128055920,00:16:25:12:77:b9,-58,Impinj RFID Reader,E28068942000401581C3CDC1,2025-04-17 11:47:09
4,303435FC8803D056D15B963F,1744912128077562,00:16:25:12:77:b9,-59,Impinj RFID Reader,E28068942000401581C3CDC1,2025-04-17 11:47:09
3,303435FC8803D056D15B963F,1744912128147717,00:16:25:12:77:b9,-62,Impinj RFID Reader,E28068942000401581C3CDC1,2025-04-17 11:47:09
3,303435FC8803D056D15B963F,1744912128168563,00:16:25:12:77:b9,-62,Impinj RFID Reader,E28068942000401581C3CDC1,2025-04-17 11:47:09
4,303435FC8803D056D15B963F,1744912128196803,00:16:25:12:77:b9,-59,Impinj RFID Reader,E28068942000401581C3CDC1,2025-04-17 11:47:09
4,303435FC8803D056D15B963F,1744912128216115,00:16:25:12:77:b9,-60,Impinj RFID Reader,E28068942000401581C3CDC1,2025-04-17 11:47:09
4,303435FC8803D056D15B963F,1744912128299870,00:16:25:12:77:b9,-64,Impinj RFID Reader,E28068942000401581C3CDC1,2025-04-17 11:47:09
4,303435FC8803D056D15B963F,1744912128319984,00:16:25:12:77:b9,-64,Impinj RFID Reader,E28068942000401581C3CDC1,2025-04-17 11:47:09
3,303435FC8803D056D15B963F,1744912128466998,00:16:25:12:77:b9,-64,Impinj RFID Reader,E28068942000401581C3CDC1,2025-04-17 11:47:09
3,303435FC8803D056D15B963F,1744912128486157,00:16:25:12:77:b9,-64,Impinj RFID Reader,E28068942000401581C3CDC1,2025-04-17 11:47:09
2,303435FC8803D056D15B963F,1744912128558851,00:16:25:12:77:b9,-61,Impinj RFID Reader,E28068942000401581C3CDC1,2025-04-17 11:47:09
2,303435FC8803D056D15B963F,1744912128575198,00:16:25:12:77:b9,-61,Impinj RFID Reader,E28068942000401581C3CDC1,2025-04-17 11:47:09
2,303435FC8803D056D15B963F,1744912128657318,00:16:25:12:77:b9,-63,Impinj RFID Reader,E28068942000401581C3CDC1,2025-04-17 11:47:09
2,303435FC8803D056D15B963F,1744912128680791,00:16:25:12:77:b9,-64,Impinj RFID Reader,E28068942000401581C3CDC1,2025-04-17 11:47:09
2,303435FC8803D056D15B963F,1744912128845964,00:16:25:12:77:b9,-68,Impinj RFID Reader,E28068942000401581C3CDC1,2025-04-17 11:47:09
2,303435FC8803D056D15B963F,1744912128865560,00:16:25:12:77:b9,-68,Impinj RFID Reader,E28068942000401581C3CDC1,2025-04-17 11:47:09
2,303435FC8803D056D15B963F,1744912128951986,00:16:25:12:77:b9,-66,Impinj RFID Reader,E28068942000401581C3CDC1,2025-04-17 11:47:09
2,303435FC8803D056D15B963F,1744912128972127,00:16:25:12:77:b9,-66,Impinj RFID Reader,E28068942000401581C3CDC1,2025-04-17 11:47:09
2,303435FC8803D056D15B963F,1744912129055087,00:16:25:12:77:b9,-66,Impinj RFID Reader,E28068942000401581C3CDC1,2025-04-17 11:47:09
2,303435FC8803D056D15B963F,1744912129075893,00:16:25:12:77:b9,-66,Impinj RFID Reader,E28068942000401581C3CDC1,2025-04-17 11:47:09
2,303435FC8803D056D15B963F,1744912129167292,00:16:25:12:77:b9,-64,Impinj RFID Reader,E28068942000401581C3CDC1,2025-04-17 11:47:09
2,303435FC8803D056D15B963F,1744912129186621,00:16:25:12:77:b9,-64,Impinj RFID Reader,E28068942000401581C3CDC1,2025-04-17 11:47:09
2,303435FC8803D056D15B963F,1744912129272174,00:16:25:12:77:b9,-64,Impinj RFID Reader,E28068942000401581C3CDC1,2025-04-17 11:47:09
2,303435FC8803D056D15B963F,1744912129291688,00:16:25:12:77:b9,-64,Impinj RFID Reader,E28068942000401581C3CDC1,2025-04-17 11:47:09
1,303435FC8803D056D15B963F,1744912129365319,00:16:25:12:77:b9,-69,Impinj RFID Reader,E28068942000401581C3CDC1,2025-04-17 11:47:09
1,303435FC8803D056D15B963F,1744912129382430,00:16:25:12:77:b9,-69,Impinj RFID Reader,E28068942000401581C3CDC1,2025-04-17 11:47:09
2,303435FC8803D056D15B963F,1744912129410126,00:16:25:12:77:b9,-60,Impinj RFID Reader,E28068942000401581C3CDC1,2025-04-17 11:47:09
2,303435FC8803D056D15B963F,1744912129428853,00:16:25:12:77:b9,-60,Impinj RFID Reader,E28068942000401581C3CDC1,2025-04-17 11:47:09
3,303435FC8803D056D15B963F,1744912129477132,00:16:25:12:77:b9,-64,Impinj RFID Reader,,2025-04-17 11:47:09
3,303435FC8803D056D15B963F,1744912129507931,00:16:25:12:77:b9,-64,Impinj RFID Reader,,2025-04-17 11:47:09
4,303435FC8803D056D15B963F,1744912129532933,00:16:25:12:77:b9,-71,Impinj RFID Reader,E28068942000401581C3CDC1,2025-04-17 11:47:09
2,303435FC8803D056D15B963F,1744912129622276,00:16:25:12:77:b9,-64,Impinj RFID Reader,E28068942000401581C3CDC1,2025-04-17 11:47:09
2,303435FC8803D056D15B963F,1744912129712000,00:16:25:12:77:b9,-65,Impinj RFID Reader,E28068942000401581C3CDC1,2025-04-17 11:47:09
2,303435FC8803D056D15B963F,1744912129730832,00:16:25:12:77:b9,-65,Impinj RFID Reader,E28068942000401581C3CDC1,2025-04-17 11:47:09
1,303435FC8803D056D15B963F,1744912129806508,00:16:25:12:77:b9,-67,Impinj RFID Reader,E28068942000401581C3CDC1,2025-04-17 11:47:09
1,303435FC8803D056D15B963F,1744912129826648,00:16:25:12:77:b9,-67,Impinj RFID Reader,E28068942000401581C3CDC1,2025-04-17 11:47:09
2,303435FC8803D056D15B963F,1744912129854798,00:16:25:12:77:b9,-63,Impinj RFID Reader,E28068942000401581C3CDC1,2025-04-17 11:47:09
2,303435FC8803D056D15B963F,1744912129873588,00:16:25:12:77:b9,-63,Impinj RFID Reader,E28068942000401581C3CDC1,2025-04-17 11:47:09
1,303435FC8803D056D15B963F,1744912129940991,00:16:25:12:77:b9,-67,Impinj RFID Reader,E28068942000401581C3CDC1,2025-04-17 11:47:09
1,303435FC8803D056D15B963F,1744912129981951,00:16:25:12:77:b9,-67,Impinj RFID Reader,E28068942000401581C3CDC1,2025-04-17 11:47:09
2,303435FC8803D056D15B963F,1744912130005911,00:16:25:12:77:b9,-62,Impinj RFID Reader,E28068942000401581C3CDC1,2025-04-17 11:47:09
2,303435FC8803D056D15B963F,1744912130026789,00:16:25:12:77:b9,-62,Impinj RFID Reader,E28068942000401581C3CDC1,2025-04-17 11:47:09
1,303435FC8803D056D15B963F,1744912130091259,00:16:25:12:77:b9,-66,Impinj RFID Reader,E28068942000401581C3CDC1,2025-04-17 11:47:09
1,303435FC8803D056D15B963F,1744912130110777,00:16:25:12:77:b9,-66,Impinj RFID Reader,E28068942000401581C3CDC1,2025-04-17 11:47:09
2,303435FC8803D056D15B963F,1744912130140039,00:16:25:12:77:b9,-58,Impinj RFID Reader,E28068942000401581C3CDC1,2025-04-17 11:47:09
2,303435FC8803D056D15B963F,1744912130158085,00:16:25:12:77:b9,-58,Impinj RFID Reader,E28068942000401581C3CDC1,2025-04-17 11:47:09
1,303435FC8803D056D15B963F,1744912130230883,00:16:25:12:77:b9,-64,Impinj RFID Reader,E28068942000401581C3CDC1,2025-04-17 11:47:09
1,303435FC8803D056D15B963F,1744912130250587,00:16:25:12:77:b9,-64,Impinj RFID Reader,E28068942000401581C3CDC1,2025-04-17 11:47:09
2,303435FC8803D056D15B963F,1744912130278875,00:16:25:12:77:b9,-59,Impinj RFID Reader,E28068942000401581C3CDC1,2025-04-17 11:47:09
2,303435FC8803D056D15B963F,1744912130299373,00:16:25:12:77:b9,-59,Impinj RFID Reader,E28068942000401581C3CDC1,2025-04-17 11:47:09
4,303435FC8803D056D15B963F,1744912130346595,00:16:25:12:77:b9,-69,Impinj RFID Reader,E28068942000401581C3CDC1,2025-04-17 11:47:09
4,303435FC8803D056D15B963F,1744912130365092,00:16:25:12:77:b9,-69,Impinj RFID Reader,E28068942000401581C3CDC1,2025-04-17 11:47:09
1,303435FC8803D056D15B963F,1744912130398133,00:16:25:12:77:b9,-64,Impinj RFID Reader,E28068942000401581C3CDC1,2025-04-17 11:47:09
1,303435FC8803D056D15B963F,1744912130418688,00:16:25:12:77:b9,-64,Impinj RFID Reader,E28068942000401581C3CDC1,2025-04-17 11:47:09
2,303435FC8803D056D15B963F,1744912130445134,00:16:25:12:77:b9,-63,Impinj RFID Reader,E28068942000401581C3CDC1,2025-04-17 11:47:09
2,303435FC8803D056D15B963F,1744912130466212,00:16:25:12:77:b9,-64,Impinj RFID Reader,E28068942000401581C3CDC1,2025-04-17 11:47:09
1,303435FC8803D056D15B963F,1744912130531032,00:16:25:12:77:b9,-63,Impinj RFID Reader,E28068942000401581C3CDC1,2025-04-17 11:47:09
1,303435FC8803D056D15B963F,1744912130550838,00:16:25:12:77:b9,-63,Impinj RFID Reader,E28068942000401581C3CDC1,2025-04-17 11:47:09
2,303435FC8803D056D15B963F,1744912130602362,00:16:25:12:77:b9,-55,Impinj RFID Reader,E28068942000401581C3CDC1,2025-04-17 11:47:09
2,303435FC8803D056D15B963F,1744912130622113,00:16:25:12:77:b9,-55,Impinj RFID Reader,E28068942000401581C3CDC1,2025-04-17 11:47:09
4,303435FC8803D056D15B963F,1744912130671050,00:16:25:12:77:b9,-64,Impinj RFID Reader,E28068942000401581C3CDC1,2025-04-17 11:47:09
4,303435FC8803D056D15B963F,1744912130689850,00:16:25:12:77:b9,-63,Impinj RFID Reader,E28068942000401581C3CDC1,2025-04-17 11:47:09
1,303435FC8803D056D15B963F,1744912130718082,00:16:25:12:77:b9,-65,Impinj RFID Reader,E28068942000401581C3CDC1,2025-04-17 11:47:09
1,303435FC8803D056D15B963F,1744912130736241,00:16:25:12:77:b9,-65,Impinj RFID Reader,E28068942000401581C3CDC1,2025-04-17 11:47:09
2,303435FC8803D056D15B963F,1744912130763951,00:16:25:12:77:b9,-50,Impinj RFID Reader,E28068942000401581C3CDC1,2025-04-17 11:47:09
2,303435FC8803D056D15B963F,1744912130808760,00:16:25:12:77:b9,-51,Impinj RFID Reader,E28068942000401581C3CDC1,2025-04-17 11:47:09
3,303435FC8803D056D15B963F,1744912130833593,00:16:25:12:77:b9,-59,Impinj RFID Reader,E28068942000401581C3CDC1,2025-04-17 11:47:09
3,303435FC8803D056D15B963F,1744912130856113,00:16:25:12:77:b9,-59,Impinj RFID Reader,E28068942000401581C3CDC1,2025-04-17 11:47:09
4,303435FC8803D056D15B963F,1744912130880946,00:16:25:12:77:b9,-57,Impinj RFID Reader,E28068942000401581C3CDC1,2025-04-17 11:47:09
4,303435FC8803D056D15B963F,1744912130900994,00:16:25:12:77:b9,-58,Impinj RFID Reader,E28068942000401581C3CDC1,2025-04-17 11:47:09
1,303435FC8803D056D15B963F,1744912130927413,00:16:25:12:77:b9,-68,Impinj RFID Reader,E28068942000401581C3CDC1,2025-04-17 11:47:09
1,303435FC8803D056D15B963F,1744912130949976,00:16:25:12:77:b9,-65,Impinj RFID Reader,E28068942000401581C3CDC1,2025-04-17 11:47:09
2,303435FC8803D056D15B963F,1744912130974136,00:16:25:12:77:b9,-50,Impinj RFID Reader,E28068942000401581C3CDC1,2025-04-17 11:47:09
2,303435FC8803D056D15B963F,1744912131019562,00:16:25:12:77:b9,-55,Impinj RFID Reader,E28068942000401581C3CDC1,2025-04-17 11:47:09
3,303435FC8803D056D15B963F,1744912131045973,00:16:25:12:77:b9,-54,Impinj RFID Reader,E28068942000401581C3CDC1,2025-04-17 11:47:09
3,303435FC8803D056D15B963F,1744912131066064,00:16:25:12:77:b9,-56,Impinj RFID Reader,E28068942000401581C3CDC1,2025-04-17 11:47:09
1,303435FC8803D056D15B963F,1744912131112472,00:16:25:12:77:b9,-67,Impinj RFID Reader,E28068942000401581C3CDC1,2025-04-17 11:47:09
1,303435FC8803D056D15B963F,1744912131133332,00:16:25:12:77:b9,-67,Impinj RFID Reader,E28068942000401581C3CDC1,2025-04-17 11:47:09
2,303435FC8803D056D15B963F,1744912131161906,00:16:25:12:77:b9,-65,Impinj RFID Reader,E28068942000401581C3CDC1,2025-04-17 11:47:09
2,303435FC8803D056D15B963F,1744912131179833,00:16:25:12:77:b9,-64,Impinj RFID Reader,E28068942000401581C3CDC1,2025-04-17 11:47:09
3,303435FC8803D056D15B963F,1744912131229056,00:16:25:12:77:b9,-55,Impinj RFID Reader,E28068942000401581C3CDC1,2025-04-17 11:47:09
3,303435FC8803D056D15B963F,1744912131251904,00:16:25:12:77:b9,-53,Impinj RFID Reader,E28068942000401581C3CDC1,2025-04-17 11:47:09
4,303435FC8803D056D15B963F,1744912131279534,00:16:25:12:77:b9,-60,Impinj RFID Reader,E28068942000401581C3CDC1,2025-04-17 11:47:09
4,303435FC8803D056D15B963F,1744912131299875,00:16:25:12:77:b9,-61,Impinj RFID Reader,E28068942000401581C3CDC1,2025-04-17 11:47:09
1,303435FC8803D056D15B963F,1744912131327049,00:16:25:12:77:b9,-65,Impinj RFID Reader,E28068942000401581C3CDC1,2025-04-17 11:47:09
1,303435FC8803D056D15B963F,1744912131348770,00:16:25:12:77:b9,-64,Impinj RFID Reader,E28068942000401581C3CDC1,2025-04-17 11:47:09
2,303435FC8803D056D15B963F,1744912131376553,00:16:25:12:77:b9,-61,Impinj RFID Reader,E28068942000401581C3CDC1,2025-04-17 11:47:09
2,303435FC8803D056D15B963F,1744912131394545,00:16:25:12:77:b9,-62,Impinj RFID Reader,E28068942000401581C3CDC1,2025-04-17 11:47:09
3,303435FC8803D056D15B963F,1744912131447053,00:16:25:12:77:b9,-56,Impinj RFID Reader,E28068942000401581C3CDC1,2025-04-17 11:47:09
3,303435FC8803D056D15B963F,1744912131465344,00:16:25:12:77:b9,-56,Impinj RFID Reader,E28068942000401581C3CDC1,2025-04-17 11:47:09
4,303435FC8803D056D15B963F,1744912131492857,00:16:25:12:77:b9,-69,Impinj RFID Reader,E28068942000401581C3CDC1,2025-04-17 11:47:09
4,303435FC8803D056D15B963F,1744912131514252,00:16:25:12:77:b9,-67,Impinj RFID Reader,E28068942000401581C3CDC1,2025-04-17 11:47:09
1,303435FC8803D056D15B963F,1744912131540827,00:16:25:12:77:b9,-61,Impinj RFID Reader,E28068942000401581C3CDC1,2025-04-17 11:47:09
1,303435FC8803D056D15B963F,1744912131561152,00:16:25:12:77:b9,-61,Impinj RFID Reader,E28068942000401581C3CDC1,2025-04-17 11:47:09
2,303435FC8803D056D15B963F,1744912131586698,00:16:25:12:77:b9,-62,Impinj RFID Reader,E28068942000401581C3CDC1,2025-04-17 11:47:09
2,303435FC8803D056D15B963F,1744912131606302,00:16:25:12:77:b9,-61,Impinj RFID Reader,E28068942000401581C3CDC1,2025-04-17 11:47:09
3,303435FC8803D056D15B963F,1744912131655425,00:16:25:12:77:b9,-55,Impinj RFID Reader,E28068942000401581C3CDC1,2025-04-17 11:47:09
3,303435FC8803D056D15B963F,1744912131672747,00:16:25:12:77:b9,-55,Impinj RFID Reader,E28068942000401581C3CDC1,2025-04-17 11:47:09
4,303435FC8803D056D15B963F,1744912131699527,00:16:25:12:77:b9,-63,Impinj RFID Reader,E28068942000401581C3CDC1,2025-04-17 11:47:09
4,303435FC8803D056D15B963F,1744912131721633,00:16:25:12:77:b9,-61,Impinj RFID Reader,E28068942000401581C3CDC1,2025-04-17 11:47:09
1,303435FC8803D056D15B963F,1744912131750450,00:16:25:12:77:b9,-61,Impinj RFID Reader,E28068942000401581C3CDC1,2025-04-17 11:47:09
1,303435FC8803D056D15B963F,1744912131768299,00:16:25:12:77:b9,-61,Impinj RFID Reader,E28068942000401581C3CDC1,2025-04-17 11:47:09
2,303435FC8803D056D15B963F,1744912131794840,00:16:25:12:77:b9,-59,Impinj RFID Reader,E28068942000401581C3CDC1,2025-04-17 11:47:09
2,303435FC8803D056D15B963F,1744912131814499,00:16:25:12:77:b9,-59,Impinj RFID Reader,E28068942000401581C3CDC1,2025-04-17 11:47:09
3,303435FC8803D056D15B963F,1744912131866624,00:16:25:12:77:b9,-54,Impinj RFID Reader,E28068942000401581C3CDC1,2025-04-17 11:47:09
3,303435FC8803D056D15B963F,1744912131884179,00:16:25:12:77:b9,-54,Impinj RFID Reader,E28068942000401581C3CDC1,2025-04-17 11:47:09
4,303435FC8803D056D15B963F,1744912131910854,00:16:25:12:77:b9,-57,Impinj RFID Reader,E28068942000401581C3CDC1,2025-04-17 11:47:09
4,303435FC8803D056D15B963F,1744912131931027,00:16:25:12:77:b9,-57,Impinj RFID Reader,E28068942000401581C3CDC1,2025-04-17 11:47:09
1,303435FC8803D056D15B963F,1744912131958211,00:16:25:12:77:b9,-68,Impinj RFID Reader,E28068942000401581C3CDC1,2025-04-17 11:47:09
1,303435FC8803D056D15B963F,1744912131979990,00:16:25:12:77:b9,-68,Impinj RFID Reader,E28068942000401581C3CDC1,2025-04-17 11:47:09
2,303435FC8803D056D15B963F,1744912132007085,00:16:25:12:77:b9,-63,Impinj RFID Reader,E28068942000401581C3CDC1,2025-04-17 11:47:09
2,303435FC8803D056D15B963F,1744912132029098,00:16:25:12:77:b9,-63,Impinj RFID Reader,E28068942000401581C3CDC1,2025-04-17 11:47:09
3,303435FC8803D056D15B963F,1744912132078677,00:16:25:12:77:b9,-53,Impinj RFID Reader,E28068942000401581C3CDC1,2025-04-17 11:47:09
3,303435FC8803D056D15B963F,1744912132096763,00:16:25:12:77:b9,-52,Impinj RFID Reader,E28068942000401581C3CDC1,2025-04-17 11:47:09
4,303435FC8803D056D15B963F,1744912132122950,00:16:25:12:77:b9,-59,Impinj RFID Reader,E28068942000401581C3CDC1,2025-04-17 11:47:09
4,303435FC8803D056D15B963F,1744912132145486,00:16:25:12:77:b9,-58,Impinj RFID Reader,E28068942000401581C3CDC1,2025-04-17 11:47:09
2,303435FC8803D056D15B963F,1744912132187260,00:16:25:12:77:b9,-63,Impinj RFID Reader,E28068942000401581C3CDC1,2025-04-17 11:47:09
2,303435FC8803D056D15B963F,1744912132207516,00:16:25:12:77:b9,-63,Impinj RFID Reader,E28068942000401581C3CDC1,2025-04-17 11:47:09
3,303435FC8803D056D15B963F,1744912132235701,00:16:25:12:77:b9,-51,Impinj RFID Reader,E28068942000401581C3CDC1,2025-04-17 11:47:09
3,303435FC8803D056D15B963F,1744912132278236,00:16:25:12:77:b9,-52,Impinj RFID Reader,E28068942000401581C3CDC1,2025-04-17 11:47:09
4,303435FC8803D056D15B963F,1744912132306373,00:16:25:12:77:b9,-57,Impinj RFID Reader,E28068942000401581C3CDC1,2025-04-17 11:47:09
4,303435FC8803D056D15B963F,1744912132326538,00:16:25:12:77:b9,-57,Impinj RFID Reader,E28068942000401581C3CDC1,2025-04-17 11:47:09
1,303435FC8803D056D15B963F,1744912132354779,00:16:25:12:77:b9,-66,Impinj RFID Reader,E28068942000401581C3CDC1,2025-04-17 11:47:09
1,303435FC8803D056D15B963F,1744912132373447,00:16:25:12:77:b9,-66,Impinj RFID Reader,E28068942000401581C3CDC1,2025-04-17 11:47:09
2,303435FC8803D056D15B963F,1744912132401671,00:16:25:12:77:b9,-61,Impinj RFID Reader,E28068942000401581C3CDC1,2025-04-17 11:47:09
2,303435FC8803D056D15B963F,1744912132421885,00:16:25:12:77:b9,-60,Impinj RFID Reader,E28068942000401581C3CDC1,2025-04-17 11:47:09
3,303435FC8803D056D15B963F,1744912132446526,00:16:25:12:77:b9,-52,Impinj RFID Reader,E28068942000401581C3CDC1,2025-04-17 11:47:09
3,303435FC8803D056D15B963F,1744912132490260,00:16:25:12:77:b9,-52,Impinj RFID Reader,E28068942000401581C3CDC1,2025-04-17 11:47:09
4,303435FC8803D056D15B963F,1744912132515171,00:16:25:12:77:b9,-56,Impinj RFID Reader,E28068942000401581C3CDC1,2025-04-17 11:47:09
4,303435FC8803D056D15B963F,1744912132536035,00:16:25:12:77:b9,-56,Impinj RFID Reader,E28068942000401581C3CDC1,2025-04-17 11:47:09
2,303435FC8803D056D15B963F,1744912132581617,00:16:25:12:77:b9,-60,Impinj RFID Reader,E28068942000401581C3CDC1,2025-04-17 11:47:09
2,303435FC8803D056D15B963F,1744912132602244,00:16:25:12:77:b9,-60,Impinj RFID Reader,E28068942000401581C3CDC1,2025-04-17 11:47:09
3,303435FC8803D056D15B963F,1744912132628726,00:16:25:12:77:b9,-53,Impinj RFID Reader,E28068942000401581C3CDC1,2025-04-17 11:47:09
3,303435FC8803D056D15B963F,1744912132649544,00:16:25:12:77:b9,-53,Impinj RFID Reader,E28068942000401581C3CDC1,2025-04-17 11:47:09
4,303435FC8803D056D15B963F,1744912132686436,00:16:25:12:77:b9,-56,Impinj RFID Reader,E28068942000401581C3CDC1,2025-04-17 11:47:09
4,303435FC8803D056D15B963F,1744912132707463,00:16:25:12:77:b9,-56,Impinj RFID Reader,E28068942000401581C3CDC1,2025-04-17 11:47:09
2,303435FC8803D056D15B963F,1744912132750521,00:16:25:12:77:b9,-67,Impinj RFID Reader,E28068942000401581C3CDC1,2025-04-17 11:47:09
2,303435FC8803D056D15B963F,1744912132770385,00:16:25:12:77:b9,-68,Impinj RFID Reader,E28068942000401581C3CDC1,2025-04-17 11:47:09
3,303435FC8803D056D15B963F,1744912132797711,00:16:25:12:77:b9,-54,Impinj RFID Reader,E28068942000401581C3CDC1,2025-04-17 11:47:09
3,303435FC8803D056D15B963F,1744912132820243,00:16:25:12:77:b9,-54,Impinj RFID Reader,E28068942000401581C3CDC1,2025-04-17 11:47:09
4,303435FC8803D056D15B963F,1744912132847809,00:16:25:12:77:b9,-57,Impinj RFID Reader,E28068942000401581C3CDC1,2025-04-17 11:47:09
4,303435FC8803D056D15B963F,1744912132889845,00:16:25:12:77:b9,-56,Impinj RFID Reader,E28068942000401581C3CDC1,2025-04-17 11:47:09
1,303435FC8803D056D15B963F,1744912132915290,00:16:25:12:77:b9,-66,Impinj RFID Reader,E28068942000401581C3CDC1,2025-04-17 11:47:09
1,303435FC8803D056D15B963F,1744912132938871,00:16:25:12:77:b9,-67,Impinj RFID Reader,E28068942000401581C3CDC1,2025-04-17 11:47:09
2,303435FC8803D056D15B963F,1744912132962896,00:16:25:12:77:b9,-65,Impinj RFID Reader,E28068942000401581C3CDC1,2025-04-17 11:47:09
2,303435FC8803D056D15B963F,1744912132984395,00:16:25:12:77:b9,-65,Impinj RFID Reader,E28068942000401581C3CDC1,2025-04-17 11:47:09
3,303435FC8803D056D15B963F,1744912133011055,00:16:25:12:77:b9,-54,Impinj RFID Reader,E28068942000401581C3CDC1,2025-04-17 11:47:09
3,303435FC8803D056D15B963F,1744912133033557,00:16:25:12:77:b9,-54,Impinj RFID Reader,E28068942000401581C3CDC1,2025-04-17 11:47:09
4,303435FC8803D056D15B963F,1744912133059206,00:16:25:12:77:b9,-57,Impinj RFID Reader,E28068942000401581C3CDC1,2025-04-17 11:47:09
4,303435FC8803D056D15B963F,1744912133100489,00:16:25:12:77:b9,-56,Impinj RFID Reader,E28068942000401581C3CDC1,2025-04-17 11:47:09
1,303435FC8803D056D15B963F,1744912133128905,00:16:25:12:77:b9,-68,Impinj RFID Reader,E28068942000401581C3CDC1,2025-04-17 11:47:09
1,303435FC8803D056D15B963F,1744912133149079,00:16:25:12:77:b9,-69,Impinj RFID Reader,,2025-04-17 11:47:09
2,303435FC8803D056D15B963F,1744912133181245,00:16:25:12:77:b9,-62,Impinj RFID Reader,E28068942000401581C3CDC1,2025-04-17 11:47:09
3,303435FC8803D056D15B963F,1744912133208937,00:16:25:12:77:b9,-54,Impinj RFID Reader,E28068942000401581C3CDC1,2025-04-17 11:47:09
3,303435FC8803D056D15B963F,1744912133228046,00:16:25:12:77:b9,-54,Impinj RFID Reader,E28068942000401581C3CDC1,2025-04-17 11:47:09
4,303435FC8803D056D15B963F,1744912133256291,00:16:25:12:77:b9,-54,Impinj RFID Reader,E28068942000401581C3CDC1,2025-04-17 11:47:09
4,303435FC8803D056D15B963F,1744912133275603,00:16:25:12:77:b9,-54,Impinj RFID Reader,E28068942000401581C3CDC1,2025-04-17 11:47:09
3,303435FC8803D056D15B963F,1744912133346433,00:16:25:12:77:b9,-51,Impinj RFID Reader,E28068942000401581C3CDC1,2025-04-17 11:47:09
3,303435FC8803D056D15B963F,1744912133368158,00:16:25:12:77:b9,-51,Impinj RFID Reader,E28068942000401581C3CDC1,2025-04-17 11:47:09
4,303435FC8803D056D15B963F,1744912133395618,00:16:25:12:77:b9,-59,Impinj RFID Reader,E28068942000401581C3CDC1,2025-04-17 11:47:09
4,303435FC8803D056D15B963F,1744912133415016,00:16:25:12:77:b9,-59,Impinj RFID Reader,E28068942000401581C3CDC1,2025-04-17 11:47:09
3,303435FC8803D056D15B963F,1744912133481072,00:16:25:12:77:b9,-52,Impinj RFID Reader,E28068942000401581C3CDC1,2025-04-17 11:47:09
3,303435FC8803D056D15B963F,1744912133522590,00:16:25:12:77:b9,-53,Impinj RFID Reader,E28068942000401581C3CDC1,2025-04-17 11:47:09
4,303435FC8803D056D15B963F,1744912133552848,00:16:25:12:77:b9,-57,Impinj RFID Reader,E28068942000401581C3CDC1,2025-04-17 11:47:09
4,303435FC8803D056D15B963F,1744912133572786,00:16:25:12:77:b9,-57,Impinj RFID Reader,E28068942000401581C3CDC1,2025-04-17 11:47:09
1,303435FC8803D056D15B963F,1744912133599899,00:16:25:12:77:b9,-66,Impinj RFID Reader,E28068942000401581C3CDC1,2025-04-17 11:47:09
1,303435FC8803D056D15B963F,1744912133621777,00:16:25:12:77:b9,-66,Impinj RFID Reader,E28068942000401581C3CDC1,2025-04-17 11:47:09
2,303435FC8803D056D15B963F,1744912133646467,00:16:25:12:77:b9,-65,Impinj RFID Reader,E28068942000401581C3CDC1,2025-04-17 11:47:09
2,303435FC8803D056D15B963F,1744912133667384,00:16:25:12:77:b9,-65,Impinj RFID Reader,E28068942000401581C3CDC1,2025-04-17 11:47:09
3,303435FC8803D056D15B963F,1744912133692984,00:16:25:12:77:b9,-53,Impinj RFID Reader,E28068942000401581C3CDC1,2025-04-17 11:47:09
3,303435FC8803D056D15B963F,1744912133739197,00:16:25:12:77:b9,-53,Impinj RFID Reader,E28068942000401581C3CDC1,2025-04-17 11:47:09
4,303435FC8803D056D15B963F,1744912133764115,00:16:25:12:77:b9,-57,Impinj RFID Reader,E28068942000401581C3CDC1,2025-04-17 11:47:09
4,303435FC8803D056D15B963F,1744912133782738,00:16:25:12:77:b9,-57,Impinj RFID Reader,E28068942000401581C3CDC1,2025-04-17 11:47:09
3,303435FC8803D056D15B963F,1744912133847308,00:16:25:12:77:b9,-53,Impinj RFID Reader,E28068942000401581C3CDC1,2025-04-17 11:47:09
3,303435FC8803D056D15B963F,1744912133868125,00:16:25:12:77:b9,-54,Impinj RFID Reader,E28068942000401581C3CDC1,2025-04-17 11:47:09
4,303435FC8803D056D15B963F,1744912133895938,00:16:25:12:77:b9,-57,Impinj RFID Reader,E28068942000401581C3CDC1,2025-04-17 11:47:09
4,303435FC8803D056D15B963F,1744912133941195,00:16:25:12:77:b9,-59,Impinj RFID Reader,E28068942000401581C3CDC1,2025-04-17 11:47:09
3,303435FC8803D056D15B963F,1744912134000740,00:16:25:12:77:b9,-51,Impinj RFID Reader,E28068942000401581C3CDC1,2025-04-17 11:47:09
3,303435FC8803D056D15B963F,1744912134025121,00:16:25:12:77:b9,-51,Impinj RFID Reader,E28068942000401581C3CDC1,2025-04-17 11:47:09
4,303435FC8803D056D15B963F,1744912134049137,00:16:25:12:77:b9,-58,Impinj RFID Reader,E28068942000401581C3CDC1,2025-04-17 11:47:09
4,303435FC8803D056D15B963F,1744912134070710,00:16:25:12:77:b9,-59,Impinj RFID Reader,E28068942000401581C3CDC1,2025-04-17 11:47:09
3,303435FC8803D056D15B963F,1744912134154261,00:16:25:12:77:b9,-53,Impinj RFID Reader,E28068942000401581C3CDC1,2025-04-17 11:47:09
3,303435FC8803D056D15B963F,1744912134175807,00:16:25:12:77:b9,-53,Impinj RFID Reader,E28068942000401581C3CDC1,2025-04-17 11:47:09
4,303435FC8803D056D15B963F,1744912134203520,00:16:25:12:77:b9,-57,Impinj RFID Reader,E28068942000401581C3CDC1,2025-04-17 11:47:09
4,303435FC8803D056D15B963F,1744912134224555,00:16:25:12:77:b9,-57,Impinj RFID Reader,E28068942000401581C3CDC1,2025-04-17 11:47:09
1,303435FC8803D056D15B963F,1744912134250054,00:16:25:12:77:b9,-68,Impinj RFID Reader,E28068942000401581C3CDC1,2025-04-17 11:47:09
1,303435FC8803D056D15B963F,1744912134272701,00:16:25:12:77:b9,-68,Impinj RFID Reader,E28068942000401581C3CDC1,2025-04-17 11:47:09
3,303435FC8803D056D15B963F,1744912134316476,00:16:25:12:77:b9,-53,Impinj RFID Reader,E28068942000401581C3CDC1,2025-04-17 11:47:09
3,303435FC8803D056D15B963F,1744912134360216,00:16:25:12:77:b9,-54,Impinj RFID Reader,E28068942000401581C3CDC1,2025-04-17 11:47:09
4,303435FC8803D056D15B963F,1744912134387239,00:16:25:12:77:b9,-56,Impinj RFID Reader,E28068942000401581C3CDC1,2025-04-17 11:47:09
4,303435FC8803D056D15B963F,1744912134408222,00:16:25:12:77:b9,-56,Impinj RFID Reader,E28068942000401581C3CDC1,2025-04-17 11:47:09
3,303435FC8803D056D15B963F,1744912134473959,00:16:25:12:77:b9,-54,Impinj RFID Reader,E28068942000401581C3CDC1,2025-04-17 11:47:09
3,303435FC8803D056D15B963F,1744912134494118,00:16:25:12:77:b9,-54,Impinj RFID Reader,E28068942000401581C3CDC1,2025-04-17 11:47:09
4,303435FC8803D056D15B963F,1744912134517530,00:16:25:12:77:b9,-56,Impinj RFID Reader,E28068942000401581C3CDC1,2025-04-17 11:47:09
4,303435FC8803D056D15B963F,1744912134562807,00:16:25:12:77:b9,-59,Impinj RFID Reader,E28068942000401581C3CDC1,2025-04-17 11:47:09
3,303435FC8803D056D15B963F,1744912134623935,00:16:25:12:77:b9,-51,Impinj RFID Reader,E28068942000401581C3CDC1,2025-04-17 11:47:09
3,303435FC8803D056D15B963F,1744912134645687,00:16:25:12:77:b9,-51,Impinj RFID Reader,E28068942000401581C3CDC1,2025-04-17 11:47:09
4,303435FC8803D056D15B963F,1744912134671721,00:16:25:12:77:b9,-59,Impinj RFID Reader,E28068942000401581C3CDC1,2025-04-17 11:47:09
4,303435FC8803D056D15B963F,1744912134693474,00:16:25:12:77:b9,-60,Impinj RFID Reader,E28068942000401581C3CDC1,2025-04-17 11:47:09
3,303435FC8803D056D15B963F,1744912134778004,00:16:25:12:77:b9,-53,Impinj RFID Reader,E28068942000401581C3CDC1,2025-04-17 11:47:09
3,303435FC8803D056D15B963F,1744912134798789,00:16:25:12:77:b9,-53,Impinj RFID Reader,E28068942000401581C3CDC1,2025-04-17 11:47:09
4,303435FC8803D056D15B963F,1744912134825570,00:16:25:12:77:b9,-55,Impinj RFID Reader,E28068942000401581C3CDC1,2025-04-17 11:47:09
4,303435FC8803D056D15B963F,1744912134848836,00:16:25:12:77:b9,-55,Impinj RFID Reader,E28068942000401581C3CDC1,2025-04-17 11:47:09
2,303435FC8803D056D15B963F,1744912134892457,00:16:25:12:77:b9,-66,Impinj RFID Reader,E28068942000401581C3CDC1,2025-04-17 11:47:09
2,303435FC8803D056D15B963F,1744912134915193,00:16:25:12:77:b9,-66,Impinj RFID Reader,E28068942000401581C3CDC1,2025-04-17 11:47:09
3,303435FC8803D056D15B963F,1744912134939365,00:16:25:12:77:b9,-52,Impinj RFID Reader,E28068942000401581C3CDC1,2025-04-17 11:47:09
3,303435FC8803D056D15B963F,1744912134984500,00:16:25:12:77:b9,-53,Impinj RFID Reader,E28068942000401581C3CDC1,2025-04-17 11:47:09
4,303435FC8803D056D15B963F,1744912135009350,00:16:25:12:77:b9,-56,Impinj RFID Reader,E28068942000401581C3CDC1,2025-04-17 11:47:09
4,303435FC8803D056D15B963F,1744912135031833,00:16:25:12:77:b9,-56,Impinj RFID Reader,E28068942000401581C3CDC1,2025-04-17 11:47:09
1,303435FC8803D056D15B963F,1744912135058110,00:16:25:12:77:b9,-69,Impinj RFID Reader,E28068942000401581C3CDC1,2025-04-17 11:47:09
1,303435FC8803D056D15B963F,1744912135075911,00:16:25:12:77:b9,-69,Impinj RFID Reader,E28068942000401581C3CDC1,2025-04-17 11:47:09
3,303435FC8803D056D15B963F,1744912135122709,00:16:25:12:77:b9,-53,Impinj RFID Reader,E28068942000401581C3CDC1,2025-04-17 11:47:09
3,303435FC8803D056D15B963F,1744912135140137,00:16:25:12:77:b9,-53,Impinj RFID Reader,E28068942000401581C3CDC1,2025-04-17 11:47:09
4,303435FC8803D056D15B963F,1744912135192136,00:16:25:12:77:b9,-57,Impinj RFID Reader,E28068942000401581C3CDC1,2025-04-17 11:47:09
4,303435FC8803D056D15B963F,1744912135211750,00:16:25:12:77:b9,-57,Impinj RFID Reader,E28068942000401581C3CDC1,2025-04-17 11:47:09
3,303435FC8803D056D15B963F,1744912135274382,00:16:25:12:77:b9,-50,Impinj RFID Reader,E28068942000401581C3CDC1,2025-04-17 11:47:09
3,303435FC8803D056D15B963F,1744912135296040,00:16:25:12:77:b9,-50,Impinj RFID Reader,E28068942000401581C3CDC1,2025-04-17 11:47:09
4,303435FC8803D056D15B963F,1744912135323515,00:16:25:12:77:b9,-58,Impinj RFID Reader,E28068942000401581C3CDC1,2025-04-17 11:47:09
4,303435FC8803D056D15B963F,1744912135342876,00:16:25:12:77:b9,-58,Impinj RFID Reader,E28068942000401581C3CDC1,2025-04-17 11:47:09
3,303435FC8803D056D15B963F,1744912135414657,00:16:25:12:77:b9,-51,Impinj RFID Reader,E28068942000401581C3CDC1,2025-04-17 11:47:09
3,303435FC8803D056D15B963F,1744912135437232,00:16:25:12:77:b9,-51,Impinj RFID Reader,E28068942000401581C3CDC1,2025-04-17 11:47:09
4,303435FC8803D056D15B963F,1744912135461485,00:16:25:12:77:b9,-59,Impinj RFID Reader,E28068942000401581C3CDC1,2025-04-17 11:47:09
4,303435FC8803D056D15B963F,1744912135481690,00:16:25:12:77:b9,-59,Impinj RFID Reader,E28068942000401581C3CDC1,2025-04-17 11:47:09
3,303435FC8803D056D15B963F,1744912135548101,00:16:25:12:77:b9,-51,Impinj RFID Reader,E28068942000401581C3CDC1,2025-04-17 11:47:09
3,303435FC8803D056D15B963F,1744912135568128,00:16:25:12:77:b9,-51,Impinj RFID Reader,E28068942000401581C3CDC1,2025-04-17 11:47:09
4,303435FC8803D056D15B963F,1744912135598971,00:16:25:12:77:b9,-55,Impinj RFID Reader,E28068942000401581C3CDC1,2025-04-17 11:47:09
4,303435FC8803D056D15B963F,1744912135618231,00:16:25:12:77:b9,-55,Impinj RFID Reader,E28068942000401581C3CDC1,2025-04-17 11:47:09
2,303435FC8803D056D15B963F,1744912135664745,00:16:25:12:77:b9,-65,Impinj RFID Reader,E28068942000401581C3CDC1,2025-04-17 11:47:09
2,303435FC8803D056D15B963F,1744912135685502,00:16:25:12:77:b9,-65,Impinj RFID Reader,E28068942000401581C3CDC1,2025-04-17 11:47:09
3,303435FC8803D056D15B963F,1744912135714020,00:16:25:12:77:b9,-52,Impinj RFID Reader,E28068942000401581C3CDC1,2025-04-17 11:47:09
3,303435FC8803D056D15B963F,1744912135734869,00:16:25:12:77:b9,-53,Impinj RFID Reader,E28068942000401581C3CDC1,2025-04-17 11:47:09
4,303435FC8803D056D15B963F,1744912135762204,00:16:25:12:77:b9,-55,Impinj RFID Reader,E28068942000401581C3CDC1,2025-04-17 11:47:09
4,303435FC8803D056D15B963F,1744912135805153,00:16:25:12:77:b9,-56,Impinj RFID Reader,E28068942000401581C3CDC1,2025-04-17 11:47:09
1,303435FC8803D056D15B963F,1744912135829894,00:16:25:12:77:b9,-65,Impinj RFID Reader,E28068942000401581C3CDC1,2025-04-17 11:47:09
1,303435FC8803D056D15B963F,1744912135849655,00:16:25:12:77:b9,-65,Impinj RFID Reader,E28068942000401581C3CDC1,2025-04-17 11:47:09
2,303435FC8803D056D15B963F,1744912135876597,00:16:25:12:77:b9,-67,Impinj RFID Reader,E28068942000401581C3CDC1,2025-04-17 11:47:09
2,303435FC8803D056D15B963F,1744912135898194,00:16:25:12:77:b9,-67,Impinj RFID Reader,E28068942000401581C3CDC1,2025-04-17 11:47:09
3,303435FC8803D056D15B963F,1744912135924671,00:16:25:12:77:b9,-52,Impinj RFID Reader,E28068942000401581C3CDC1,2025-04-17 11:47:09
3,303435FC8803D056D15B963F,1744912135945788,00:16:25:12:77:b9,-52,Impinj RFID Reader,E28068942000401581C3CDC1,2025-04-17 11:47:09
4,303435FC8803D056D15B963F,1744912135974185,00:16:25:12:77:b9,-56,Impinj RFID Reader,E28068942000401581C3CDC1,2025-04-17 11:47:09
2,303435FC8803D056D15B963F,1744912174908475,00:16:25:12:77:b9,-56,Impinj RFID Reader,E28068942000401581C3CDC1,2025-04-17 11:47:17
2,303435FC8803D056D15B963F,1744912174924880,00:16:25:12:77:b9,-56,Impinj RFID Reader,E28068942000401581C3CDC1,2025-04-17 11:47:17
4,303435FC8803D056D15B963F,1744912174972640,00:16:25:12:77:b9,-63,Impinj RFID Reader,E28068942000401581C3CDC1,2025-04-17 11:47:17
4,303435FC8803D056D15B963F,1744912174992846,00:16:25:12:77:b9,-63,Impinj RFID Reader,E28068942000401581C3CDC1,2025-04-17 11:47:17
2,303435FC8803D056D15B963F,1744912175037109,00:16:25:12:77:b9,-55,Impinj RFID Reader,E28068942000401581C3CDC1,2025-04-17 11:47:17
2,303435FC8803D056D15B963F,1744912175058168,00:16:25:12:77:b9,-55,Impinj RFID Reader,E28068942000401581C3CDC1,2025-04-17 11:47:17
2,303435FC8803D056D15B963F,1744912175150537,00:16:25:12:77:b9,-56,Impinj RFID Reader,E28068942000401581C3CDC1,2025-04-17 11:47:17
2,303435FC8803D056D15B963F,1744912175171424,00:16:25:12:77:b9,-56,Impinj RFID Reader,E28068942000401581C3CDC1,2025-04-17 11:47:17
2,303435FC8803D056D15B963F,1744912175255404,00:16:25:12:77:b9,-56,Impinj RFID Reader,E28068942000401581C3CDC1,2025-04-17 11:47:17
2,303435FC8803D056D15B963F,1744912175297576,00:16:25:12:77:b9,-57,Impinj RFID Reader,E28068942000401581C3CDC1,2025-04-17 11:47:17
2,303435FC8803D056D15B963F,1744912175383422,00:16:25:12:77:b9,-58,Impinj RFID Reader,E28068942000401581C3CDC1,2025-04-17 11:47:17
2,303435FC8803D056D15B963F,1744912175403040,00:16:25:12:77:b9,-58,Impinj RFID Reader,E28068942000401581C3CDC1,2025-04-17 11:47:17
2,303435FC8803D056D15B963F,1744912175509401,00:16:25:12:77:b9,-59,Impinj RFID Reader,E28068942000401581C3CDC1,2025-04-17 11:47:17
2,303435FC8803D056D15B963F,1744912175527412,00:16:25:12:77:b9,-59,Impinj RFID Reader,E28068942000401581C3CDC1,2025-04-17 11:47:17
2,303435FC8803D056D15B963F,1744912175608665,00:16:25:12:77:b9,-57,Impinj RFID Reader,E28068942000401581C3CDC1,2025-04-17 11:47:17
2,303435FC8803D056D15B963F,1744912175630274,00:16:25:12:77:b9,-56,Impinj RFID Reader,E28068942000401581C3CDC1,2025-04-17 11:47:17
2,303435FC8803D056D15B963F,1744912175718107,00:16:25:12:77:b9,-55,Impinj RFID Reader,E28068942000401581C3CDC1,2025-04-17 11:47:17
2,303435FC8803D056D15B963F,1744912175739967,00:16:25:12:77:b9,-58,Impinj RFID Reader,E28068942000401581C3CDC1,2025-04-17 11:47:17
4,303435FC8803D056D15B963F,1744912175786605,00:16:25:12:77:b9,-66,Impinj RFID Reader,E28068942000401581C3CDC1,2025-04-17 11:47:17
4,303435FC8803D056D15B963F,1744912175806221,00:16:25:12:77:b9,-66,Impinj RFID Reader,E28068942000401581C3CDC1,2025-04-17 11:47:17
1,303435FC8803D056D15B963F,1744912175834827,00:16:25:12:77:b9,-66,Impinj RFID Reader,E28068942000401581C3CDC1,2025-04-17 11:47:17
1,303435FC8803D056D15B963F,1744912175851847,00:16:25:12:77:b9,-65,Impinj RFID Reader,E28068942000401581C3CDC1,2025-04-17 11:47:17
2,303435FC8803D056D15B963F,1744912175903204,00:16:25:12:77:b9,-59,Impinj RFID Reader,E28068942000401581C3CDC1,2025-04-17 11:47:18
2,303435FC8803D056D15B963F,1744912175920359,00:16:25:12:77:b9,-59,Impinj RFID Reader,E28068942000401581C3CDC1,2025-04-17 11:47:18
4,303435FC8803D056D15B963F,1744912175969129,00:16:25:12:77:b9,-63,Impinj RFID Reader,E28068942000401581C3CDC1,2025-04-17 11:47:18
4,303435FC8803D056D15B963F,1744912175986978,00:16:25:12:77:b9,-63,Impinj RFID Reader,E28068942000401581C3CDC1,2025-04-17 11:47:18
1,303435FC8803D056D15B963F,1744912176014931,00:16:25:12:77:b9,-67,Impinj RFID Reader,E28068942000401581C3CDC1,2025-04-17 11:47:18
1,303435FC8803D056D15B963F,1744912176036938,00:16:25:12:77:b9,-68,Impinj RFID Reader,E28068942000401581C3CDC1,2025-04-17 11:47:18
2,303435FC8803D056D15B963F,1744912176060083,00:16:25:12:77:b9,-65,Impinj RFID Reader,E28068942000401581C3CDC1,2025-04-17 11:47:18
2,303435FC8803D056D15B963F,1744912176081765,00:16:25:12:77:b9,-66,Impinj RFID Reader,E28068942000401581C3CDC1,2025-04-17 11:47:18
2,303435FC8803D056D15B963F,1744912176970705,00:16:25:12:77:b9,-64,Impinj RFID Reader,E28068942000401581C3CDC1,2025-04-17 11:47:19
2,303435FC8803D056D15B963F,1744912176991678,00:16:25:12:77:b9,-64,Impinj RFID Reader,E28068942000401581C3CDC1,2025-04-17 11:47:19
2,303435FC8803D056D15B963F,1744912177083417,00:16:25:12:77:b9,-62,Impinj RFID Reader,E28068942000401581C3CDC1,2025-04-17 11:47:19
2,303435FC8803D056D15B963F,1744912177125778,00:16:25:12:77:b9,-61,Impinj RFID Reader,E28068942000401581C3CDC1,2025-04-17 11:47:19
2,303435FC8803D056D15B963F,1744912177208115,00:16:25:12:77:b9,-61,Impinj RFID Reader,E28068942000401581C3CDC1,2025-04-17 11:47:19
2,303435FC8803D056D15B963F,1744912177228740,00:16:25:12:77:b9,-62,Impinj RFID Reader,E28068942000401581C3CDC1,2025-04-17 11:47:19
2,303435FC8803D056D15B963F,1744912177336134,00:16:25:12:77:b9,-60,Impinj RFID Reader,E28068942000401581C3CDC1,2025-04-17 11:47:19
2,303435FC8803D056D15B963F,1744912177352445,00:16:25:12:77:b9,-60,Impinj RFID Reader,E28068942000401581C3CDC1,2025-04-17 11:47:19
2,303435FC8803D056D15B963F,1744912177435985,00:16:25:12:77:b9,-58,Impinj RFID Reader,E28068942000401581C3CDC1,2025-04-17 11:47:19
2,303435FC8803D056D15B963F,1744912177456377,00:16:25:12:77:b9,-58,Impinj RFID Reader,E28068942000401581C3CDC1,2025-04-17 11:47:19
2,303435FC8803D056D15B963F,1744912177620732,00:16:25:12:77:b9,-60,Impinj RFID Reader,E28068942000401581C3CDC1,2025-04-17 11:47:19
2,303435FC8803D056D15B963F,1744912177643599,00:16:25:12:77:b9,-59,Impinj RFID Reader,E28068942000401581C3CDC1,2025-04-17 11:47:19
3,303435FC8803D056D15B963F,1744912177667256,00:16:25:12:77:b9,-62,Impinj RFID Reader,E28068942000401581C3CDC1,2025-04-17 11:47:19
3,303435FC8803D056D15B963F,1744912177689478,00:16:25:12:77:b9,-63,Impinj RFID Reader,,2025-04-17 11:47:19
2,303435FC8803D056D15B963F,1744912177765359,00:16:25:12:77:b9,-70,Impinj RFID Reader,E28068942000401581C3CDC1,2025-04-17 11:47:19
2,303435FC8803D056D15B963F,1744912177847039,00:16:25:12:77:b9,-71,Impinj RFID Reader,E28068942000401581C3CDC1,2025-04-17 11:47:19
2,303435FC8803D056D15B963F,1744912177869226,00:16:25:12:77:b9,-72,Impinj RFID Reader,E28068942000401581C3CDC1,2025-04-17 11:47:20
2,303435FC8803D056D15B963F,1744912178271045,00:16:25:12:77:b9,-75,Impinj RFID Reader,E28068942000401581C3CDC1,2025-04-17 11:47:20
2,303435FC8803D056D15B963F,1744912178288948,00:16:25:12:77:b9,-74,Impinj RFID Reader,E28068942000401581C3CDC1,2025-04-17 11:47:20
2,303435FC8803D056D15B963F,1744912178538590,00:16:25:12:77:b9,-75,Impinj RFID Reader,E28068942000401581C3CDC1,2025-04-17 11:47:20
2,303435FC8803D056D15B963F,1744912180493604,00:16:25:12:77:b9,-52,Impinj RFID Reader,E28068942000401581C3CDC1,2025-04-17 11:47:22
4,303435FC8803D056D15B963F,1744912180546101,00:16:25:12:77:b9,-62,Impinj RFID Reader,E28068942000401581C3CDC1,2025-04-17 11:47:22
4,303435FC8803D056D15B963F,1744912180566005,00:16:25:12:77:b9,-60,Impinj RFID Reader,E28068942000401581C3CDC1,2025-04-17 11:47:22
1,303435FC8803D056D15B963F,1744912180594200,00:16:25:12:77:b9,-66,Impinj RFID Reader,E28068942000401581C3CDC1,2025-04-17 11:47:22
1,303435FC8803D056D15B963F,1744912180613696,00:16:25:12:77:b9,-64,Impinj RFID Reader,E28068942000401581C3CDC1,2025-04-17 11:47:22
2,303435FC8803D056D15B963F,1744912180642880,00:16:25:12:77:b9,-50,Impinj RFID Reader,E28068942000401581C3CDC1,2025-04-17 11:47:22
2,303435FC8803D056D15B963F,1744912180659894,00:16:25:12:77:b9,-49,Impinj RFID Reader,E28068942000401581C3CDC1,2025-04-17 11:47:22
4,303435FC8803D056D15B963F,1744912180713599,00:16:25:12:77:b9,-51,Impinj RFID Reader,E28068942000401581C3CDC1,2025-04-17 11:47:22
4,303435FC8803D056D15B963F,1744912180732819,00:16:25:12:77:b9,-51,Impinj RFID Reader,E28068942000401581C3CDC1,2025-04-17 11:47:22
1,303435FC8803D056D15B963F,1744912180758937,00:16:25:12:77:b9,-64,Impinj RFID Reader,E28068942000401581C3CDC1,2025-04-17 11:47:22
1,303435FC8803D056D15B963F,1744912180779218,00:16:25:12:77:b9,-63,Impinj RFID Reader,E28068942000401581C3CDC1,2025-04-17 11:47:22
2,303435FC8803D056D15B963F,1744912180808526,00:16:25:12:77:b9,-50,Impinj RFID Reader,E28068942000401581C3CDC1,2025-04-17 11:47:22
2,303435FC8803D056D15B963F,1744912180827144,00:16:25:12:77:b9,-50,Impinj RFID Reader,E28068942000401581C3CDC1,2025-04-17 11:47:22
4,303435FC8803D056D15B963F,1744912180871661,00:16:25:12:77:b9,-52,Impinj RFID Reader,E28068942000401581C3CDC1,2025-04-17 11:47:23
4,303435FC8803D056D15B963F,1744912180914996,00:16:25:12:77:b9,-54,Impinj RFID Reader,E28068942000401581C3CDC1,2025-04-17 11:47:23
1,303435FC8803D056D15B963F,1744912180943618,00:16:25:12:77:b9,-60,Impinj RFID Reader,E28068942000401581C3CDC1,2025-04-17 11:47:23
1,303435FC8803D056D15B963F,1744912180963510,00:16:25:12:77:b9,-61,Impinj RFID Reader,E28068942000401581C3CDC1,2025-04-17 11:47:23
2,303435FC8803D056D15B963F,1744912180992485,00:16:25:12:77:b9,-55,Impinj RFID Reader,E28068942000401581C3CDC1,2025-04-17 11:47:23
2,303435FC8803D056D15B963F,1744912181008912,00:16:25:12:77:b9,-58,Impinj RFID Reader,E28068942000401581C3CDC1,2025-04-17 11:47:23
2,303435FC8803D056D15B963F,1744912181249488,00:16:25:12:77:b9,-69,Impinj RFID Reader,,2025-04-17 11:47:23
2,303435FC8803D056D15B963F,1744912181348936,00:16:25:12:77:b9,-67,Impinj RFID Reader,E28068942000401581C3CDC1,2025-04-17 11:47:23
2,303435FC8803D056D15B963F,1744912181366254,00:16:25:12:77:b9,-67,Impinj RFID Reader,E28068942000401581C3CDC1,2025-04-17 11:47:23
2,303435FC8803D056D15B963F,1744912182068813,00:16:25:12:77:b9,-70,Impinj RFID Reader,E28068942000401581C3CDC1,2025-04-17 11:47:24
2,303435FC8803D056D15B963F,1744912182960252,00:16:25:12:77:b9,-66,Impinj RFID Reader,E28068942000401581C3CDC1,2025-04-17 11:47:25
2,303435FC8803D056D15B963F,1744912183700511,00:16:25:12:77:b9,-67,Impinj RFID Reader,E28068942000401581C3CDC1,2025-04-17 11:47:25
2,303435FC8803D056D15B963F,1744912183719582,00:16:25:12:77:b9,-67,Impinj RFID Reader,E28068942000401581C3CDC1,2025-04-17 11:47:25
2,303435FC8803D056D15B963F,1744912183808223,00:16:25:12:77:b9,-64,Impinj RFID Reader,E28068942000401581C3CDC1,2025-04-17 11:47:25
2,303435FC8803D056D15B963F,1744912183829957,00:16:25:12:77:b9,-62,Impinj RFID Reader,E28068942000401581C3CDC1,2025-04-17 11:47:25
2,303435FC8803D056D15B963F,1744912183916227,00:16:25:12:77:b9,-62,Impinj RFID Reader,E28068942000401581C3CDC1,2025-04-17 11:47:26
2,303435FC8803D056D15B963F,1744912184633455,00:16:25:12:77:b9,-60,Impinj RFID Reader,E28068942000401581C3CDC1,2025-04-17 11:47:26
2,303435FC8803D056D15B963F,1744912184739081,00:16:25:12:77:b9,-52,Impinj RFID Reader,E28068942000401581C3CDC1,2025-04-17 11:47:26
2,303435FC8803D056D15B963F,1744912184758707,00:16:25:12:77:b9,-52,Impinj RFID Reader,E28068942000401581C3CDC1,2025-04-17 11:47:26
3,303435FC8803D056D15B963F,1744912184784946,00:16:25:12:77:b9,-62,Impinj RFID Reader,E28068942000401581C3CDC1,2025-04-17 11:47:26
3,303435FC8803D056D15B963F,1744912184806689,00:16:25:12:77:b9,-62,Impinj RFID Reader,E28068942000401581C3CDC1,2025-04-17 11:47:26
2,303435FC8803D056D15B963F,1744912184870765,00:16:25:12:77:b9,-48,Impinj RFID Reader,E28068942000401581C3CDC1,2025-04-17 11:47:27
2,303435FC8803D056D15B963F,1744912184912132,00:16:25:12:77:b9,-48,Impinj RFID Reader,E28068942000401581C3CDC1,2025-04-17 11:47:27
4,303435FC8803D056D15B963F,1744912184961470,00:16:25:12:77:b9,-53,Impinj RFID Reader,E28068942000401581C3CDC1,2025-04-17 11:47:27
4,303435FC8803D056D15B963F,1744912184981154,00:16:25:12:77:b9,-53,Impinj RFID Reader,E28068942000401581C3CDC1,2025-04-17 11:47:27
1,303435FC8803D056D15B963F,1744912185007004,00:16:25:12:77:b9,-64,Impinj RFID Reader,E28068942000401581C3CDC1,2025-04-17 11:47:27
1,303435FC8803D056D15B963F,1744912185025687,00:16:25:12:77:b9,-65,Impinj RFID Reader,E28068942000401581C3CDC1,2025-04-17 11:47:27
2,303435FC8803D056D15B963F,1744912185051352,00:16:25:12:77:b9,-48,Impinj RFID Reader,E28068942000401581C3CDC1,2025-04-17 11:47:27
2,303435FC8803D056D15B963F,1744912185071560,00:16:25:12:77:b9,-48,Impinj RFID Reader,E28068942000401581C3CDC1,2025-04-17 11:47:27
4,303435FC8803D056D15B963F,1744912185126906,00:16:25:12:77:b9,-55,Impinj RFID Reader,E28068942000401581C3CDC1,2025-04-17 11:47:27
4,303435FC8803D056D15B963F,1744912185148130,00:16:25:12:77:b9,-54,Impinj RFID Reader,E28068942000401581C3CDC1,2025-04-17 11:47:27
2,303435FC8803D056D15B963F,1744912185191888,00:16:25:12:77:b9,-49,Impinj RFID Reader,E28068942000401581C3CDC1,2025-04-17 11:47:27
2,303435FC8803D056D15B963F,1744912185214824,00:16:25:12:77:b9,-50,Impinj RFID Reader,E28068942000401581C3CDC1,2025-04-17 11:47:27
4,303435FC8803D056D15B963F,1744912185259584,00:16:25:12:77:b9,-62,Impinj RFID Reader,E28068942000401581C3CDC1,2025-04-17 11:47:27
4,303435FC8803D056D15B963F,1744912185279697,00:16:25:12:77:b9,-62,Impinj RFID Reader,E28068942000401581C3CDC1,2025-04-17 11:47:27
1,303435FC8803D056D15B963F,1744912185312015,00:16:25:12:77:b9,-72,Impinj RFID Reader,E28068942000401581C3CDC1,2025-04-17 11:47:27
1,303435FC8803D056D15B963F,1744912185332433,00:16:25:12:77:b9,-72,Impinj RFID Reader,E28068942000401581C3CDC1,2025-04-17 11:47:27
2,303435FC8803D056D15B963F,1744912185361097,00:16:25:12:77:b9,-52,Impinj RFID Reader,E28068942000401581C3CDC1,2025-04-17 11:47:27
2,303435FC8803D056D15B963F,1744912185382323,00:16:25:12:77:b9,-52,Impinj RFID Reader,E28068942000401581C3CDC1,2025-04-17 11:47:27
4,303435FC8803D056D15B963F,1744912185436981,00:16:25:12:77:b9,-60,Impinj RFID Reader,E28068942000401581C3CDC1,2025-04-17 11:47:27
4,303435FC8803D056D15B963F,1744912185458110,00:16:25:12:77:b9,-61,Impinj RFID Reader,E28068942000401581C3CDC1,2025-04-17 11:47:27
1,303435FC8803D056D15B963F,1744912185482600,00:16:25:12:77:b9,-69,Impinj RFID Reader,E28068942000401581C3CDC1,2025-04-17 11:47:27
2,303435FC8803D056D15B963F,1744912185529786,00:16:25:12:77:b9,-51,Impinj RFID Reader,E28068942000401581C3CDC1,2025-04-17 11:47:27
3,303435FC8803D056D15B963F,1744912185557139,00:16:25:12:77:b9,-64,Impinj RFID Reader,E28068942000401581C3CDC1,2025-04-17 11:47:27
3,303435FC8803D056D15B963F,1744912185576292,00:16:25:12:77:b9,-64,Impinj RFID Reader,E28068942000401581C3CDC1,2025-04-17 11:47:27
4,303435FC8803D056D15B963F,1744912185604134,00:16:25:12:77:b9,-58,Impinj RFID Reader,E28068942000401581C3CDC1,2025-04-17 11:47:27
4,303435FC8803D056D15B963F,1744912185627541,00:16:25:12:77:b9,-55,Impinj RFID Reader,E28068942000401581C3CDC1,2025-04-17 11:47:27
2,303435FC8803D056D15B963F,1744912185671359,00:16:25:12:77:b9,-47,Impinj RFID Reader,E28068942000401581C3CDC1,2025-04-17 11:47:27
2,303435FC8803D056D15B963F,1744912185715479,00:16:25:12:77:b9,-46,Impinj RFID Reader,E28068942000401581C3CDC1,2025-04-17 11:47:27
3,303435FC8803D056D15B963F,1744912185752879,00:16:25:12:77:b9,-65,Impinj RFID Reader,,2025-04-17 11:47:27
3,303435FC8803D056D15B963F,1744912185770215,00:16:25:12:77:b9,-65,Impinj RFID Reader,,2025-04-17 11:47:27
4,303435FC8803D056D15B963F,1744912185797016,00:16:25:12:77:b9,-57,Impinj RFID Reader,E28068942000401581C3CDC1,2025-04-17 11:47:27
4,303435FC8803D056D15B963F,1744912185819723,00:16:25:12:77:b9,-57,Impinj RFID Reader,E28068942000401581C3CDC1,2025-04-17 11:47:27
1,303435FC8803D056D15B963F,1744912185844197,00:16:25:12:77:b9,-62,Impinj RFID Reader,E28068942000401581C3CDC1,2025-04-17 11:47:27
1,303435FC8803D056D15B963F,1744912185865905,00:16:25:12:77:b9,-62,Impinj RFID Reader,E28068942000401581C3CDC1,2025-04-17 11:47:27
2,303435FC8803D056D15B963F,1744912185913905,00:16:25:12:77:b9,-46,Impinj RFID Reader,E28068942000401581C3CDC1,2025-04-17 11:47:28
2,303435FC8803D056D15B963F,1744912185934097,00:16:25:12:77:b9,-46,Impinj RFID Reader,E28068942000401581C3CDC1,2025-04-17 11:47:28
3,303435FC8803D056D15B963F,1744912185968561,00:16:25:12:77:b9,-65,Impinj RFID Reader,,2025-04-17 11:47:28
3,303435FC8803D056D15B963F,1744912186014422,00:16:25:12:77:b9,-65,Impinj RFID Reader,,2025-04-17 11:47:28
4,303435FC8803D056D15B963F,1744912186037614,00:16:25:12:77:b9,-57,Impinj RFID Reader,E28068942000401581C3CDC1,2025-04-17 11:47:28
4,303435FC8803D056D15B963F,1744912186058509,00:16:25:12:77:b9,-57,Impinj RFID Reader,E28068942000401581C3CDC1,2025-04-17 11:47:28
1,303435FC8803D056D15B963F,1744912186086024,00:16:25:12:77:b9,-61,Impinj RFID Reader,E28068942000401581C3CDC1,2025-04-17 11:47:28
1,303435FC8803D056D15B963F,1744912186129023,00:16:25:12:77:b9,-61,Impinj RFID Reader,E28068942000401581C3CDC1,2025-04-17 11:47:28
2,303435FC8803D056D15B963F,1744912186154535,00:16:25:12:77:b9,-46,Impinj RFID Reader,E28068942000401581C3CDC1,2025-04-17 11:47:28
2,303435FC8803D056D15B963F,1744912186175255,00:16:25:12:77:b9,-46,Impinj RFID Reader,E28068942000401581C3CDC1,2025-04-17 11:47:28
4,303435FC8803D056D15B963F,1744912186220880,00:16:25:12:77:b9,-55,Impinj RFID Reader,E28068942000401581C3CDC1,2025-04-17 11:47:28
4,303435FC8803D056D15B963F,1744912186242812,00:16:25:12:77:b9,-55,Impinj RFID Reader,E28068942000401581C3CDC1,2025-04-17 11:47:28
1,303435FC8803D056D15B963F,1744912186269796,00:16:25:12:77:b9,-62,Impinj RFID Reader,E28068942000401581C3CDC1,2025-04-17 11:47:28
1,303435FC8803D056D15B963F,1744912186286172,00:16:25:12:77:b9,-63,Impinj RFID Reader,E28068942000401581C3CDC1,2025-04-17 11:47:28
2,303435FC8803D056D15B963F,1744912186339335,00:16:25:12:77:b9,-47,Impinj RFID Reader,E28068942000401581C3CDC1,2025-04-17 11:47:28
2,303435FC8803D056D15B963F,1744912186358326,00:16:25:12:77:b9,-48,Impinj RFID Reader,E28068942000401581C3CDC1,2025-04-17 11:47:28
4,303435FC8803D056D15B963F,1744912186403476,00:16:25:12:77:b9,-60,Impinj RFID Reader,E28068942000401581C3CDC1,2025-04-17 11:47:28
4,303435FC8803D056D15B963F,1744912186422345,00:16:25:12:77:b9,-58,Impinj RFID Reader,E28068942000401581C3CDC1,2025-04-17 11:47:28
1,303435FC8803D056D15B963F,1744912186449150,00:16:25:12:77:b9,-64,Impinj RFID Reader,E28068942000401581C3CDC1,2025-04-17 11:47:28
1,303435FC8803D056D15B963F,1744912186469691,00:16:25:12:77:b9,-64,Impinj RFID Reader,E28068942000401581C3CDC1,2025-04-17 11:47:28
2,303435FC8803D056D15B963F,1744912186497019,00:16:25:12:77:b9,-46,Impinj RFID Reader,E28068942000401581C3CDC1,2025-04-17 11:47:28
2,303435FC8803D056D15B963F,1744912186517812,00:16:25:12:77:b9,-46,Impinj RFID Reader,E28068942000401581C3CDC1,2025-04-17 11:47:28
4,303435FC8803D056D15B963F,1744912186572341,00:16:25:12:77:b9,-54,Impinj RFID Reader,E28068942000401581C3CDC1,2025-04-17 11:47:28
4,303435FC8803D056D15B963F,1744912186594380,00:16:25:12:77:b9,-54,Impinj RFID Reader,E28068942000401581C3CDC1,2025-04-17 11:47:28
1,303435FC8803D056D15B963F,1744912186619925,00:16:25:12:77:b9,-67,Impinj RFID Reader,E28068942000401581C3CDC1,2025-04-17 11:47:28
1,303435FC8803D056D15B963F,1744912186639403,00:16:25:12:77:b9,-66,Impinj RFID Reader,E28068942000401581C3CDC1,2025-04-17 11:47:28
2,303435FC8803D056D15B963F,1744912186666553,00:16:25:12:77:b9,-47,Impinj RFID Reader,E28068942000401581C3CDC1,2025-04-17 11:47:28
2,303435FC8803D056D15B963F,1744912186686128,00:16:25:12:77:b9,-47,Impinj RFID Reader,E28068942000401581C3CDC1,2025-04-17 11:47:28
4,303435FC8803D056D15B963F,1744912186756713,00:16:25:12:77:b9,-57,Impinj RFID Reader,E28068942000401581C3CDC1,2025-04-17 11:47:28
4,303435FC8803D056D15B963F,1744912186775341,00:16:25:12:77:b9,-58,Impinj RFID Reader,E28068942000401581C3CDC1,2025-04-17 11:47:28
1,303435FC8803D056D15B963F,1744912186804679,00:16:25:12:77:b9,-69,Impinj RFID Reader,E28068942000401581C3CDC1,2025-04-17 11:47:28
1,303435FC8803D056D15B963F,1744912186824641,00:16:25:12:77:b9,-68,Impinj RFID Reader,E28068942000401581C3CDC1,2025-04-17 11:47:28
2,303435FC8803D056D15B963F,1744912186849180,00:16:25:12:77:b9,-51,Impinj RFID Reader,E28068942000401581C3CDC1,2025-04-17 11:47:28
